scenario,metric,group,n_sessions,mean,sem,ttest_p,exact_signflip_p,ci_low,ci_high,positive_sessions,negative_sessions
stored_cross__matched__thirds,global_RSA_Hyper_net,pooled,2,0.181270450184,0.195038210577536,0.523281209779555,1,-2.29692498479132,2.65946588515932,1,1
stored_cross__matched__thirds,global_RSA_Hyper_net,M1,1,0.376308660761536,NaN,NaN,1,NaN,NaN,1,0
stored_cross__matched__thirds,global_RSA_Hyper_net,M2,1,-0.0137677603935356,NaN,NaN,1,NaN,NaN,0,1
stored_cross__matched__thirds,global_RSA_Polar_net,pooled,5,0.111600495390049,0.0216721215854645,0.0067468084003945,0.0625,0.0514290394948347,0.171771951285263,5,0
stored_cross__matched__thirds,global_RSA_Polar_net,M1,2,0.105305090099543,0.0267332487247255,0.158271785636505,0.5,-0.234373041459901,0.444983221658987,2,0
stored_cross__matched__thirds,global_RSA_Polar_net,M2,3,0.115797432250386,0.0361298049006971,0.0851060019663572,0.25,-0.0396565714309134,0.271251435931686,3,0
stored_cross__matched__thirds,global_between_sdi,pooled,5,-0.153300449003411,0.454124490937197,0.752656015609545,0.875,-1.41415216901643,1.10755127100961,2,3
stored_cross__matched__thirds,global_between_sdi,M1,2,-0.155046513772595,0.323150704623018,0.715205337665544,1,-4.26106552735177,3.95097249980658,1,1
stored_cross__matched__thirds,global_between_sdi,M2,3,-0.152136405823955,0.807848804656409,0.868000832549999,1,-3.62802927040369,3.32375645875578,1,2
stored_cross__matched__thirds,global_between_svm,pooled,5,-0.320275387909828,1.26374333219471,0.81242582307696,0.8125,-3.82898937680819,3.18843860098853,3,2
stored_cross__matched__thirds,global_between_svm,M1,2,-1.28373636729616,2.70966229322208,0.718335120021154,1,-35.7132602308685,33.1457874962762,1,1
stored_cross__matched__thirds,global_between_svm,M2,3,0.322031931681058,1.53634927185154,0.853386028139095,1,-6.28834545669959,6.9324093200617,2,1
stored_cross__matched__thirds,global_orthogonality_Hyper_minus_Grating,pooled,2,10.0801881154378,8.82524426778158,0.457803042562879,0.5,-102.055172397747,122.215548628623,2,0
stored_cross__matched__thirds,global_orthogonality_Hyper_minus_Grating,M1,1,18.9054323832194,NaN,NaN,1,NaN,NaN,1,0
stored_cross__matched__thirds,global_orthogonality_Hyper_minus_Grating,M2,1,1.25494384765625,NaN,NaN,1,NaN,NaN,1,0
stored_cross__matched__thirds,global_orthogonality_Polar_minus_Grating,pooled,5,8.89026845296224,3.11908355520938,0.0463825655964482,0.0625,0.230304183398232,17.5502327225262,5,0
stored_cross__matched__thirds,global_orthogonality_Polar_minus_Grating,M1,2,10.7742799123128,6.30962689717611,0.337267396297,0.5,-69.3971312520815,90.9456910767071,2,0
stored_cross__matched__thirds,global_orthogonality_Polar_minus_Grating,M2,3,7.63426081339518,4.14566434954508,0.206891593066124,0.25,-10.2030932168,25.4716148435903,3,0
stored_cross__matched__thirds,global_rms_radius_DiD,pooled,5,-0.258407695831586,0.197518416337467,0.260893258806143,0.3125,-0.806806736058167,0.289991344394994,1,4
stored_cross__matched__thirds,global_rms_radius_DiD,M1,2,-0.448044201857362,0.292928181952478,0.368626443285868,0.5,-4.17004965474098,3.27396125102625,0,2
stored_cross__matched__thirds,global_rms_radius_DiD,M2,3,-0.131983358481069,0.285418788282053,0.689211986161083,0.75,-1.36004128700463,1.09607457004249,1,2
stored_cross__matched__thirds,global_rms_radius_raw_DiD,pooled,5,-1.70936662346051,1.27660957972289,0.251602024017928,0.25,-5.25380304233074,1.83506979540972,1,4
stored_cross__matched__thirds,global_rms_radius_raw_DiD,M1,2,-2.8605966554253,1.40103800650201,0.289936492570704,0.5,-20.6624724092019,14.9412790983513,0,2
stored_cross__matched__thirds,global_rms_radius_raw_DiD,M2,3,-0.941879935483987,2.01043348426071,0.685529876142171,0.75,-9.59207705451805,7.70831718355008,1,2
stored_cross__matched__thirds,global_signal_dimension_DiD,pooled,5,-0.0779453137142786,0.221314846811887,0.74246678722813,0.75,-0.692413836852741,0.536523209424183,3,2
stored_cross__matched__thirds,global_signal_dimension_DiD,M1,2,0.25046628137557,0.00293153183812156,0.00745084690724999,0.5,0.213217637649783,0.287714925101357,2,0
stored_cross__matched__thirds,global_signal_dimension_DiD,M2,3,-0.296886377107511,0.321474239852212,0.453232991274087,0.5,-1.68007839275176,1.08630563853674,1,2
stored_cross__matched__thirds,global_signal_radius_DiD,pooled,5,-0.238787133922336,0.104019597790515,0.0833418008392389,0.125,-0.527591837052455,0.0500175692077835,1,4
stored_cross__matched__thirds,global_signal_radius_DiD,M1,2,-0.212899024953145,0.0805477184761099,0.230261310288278,0.5,-1.23635482694236,0.810556777036068,0,2
stored_cross__matched__thirds,global_signal_radius_DiD,M2,3,-0.25604587323513,0.183117304828806,0.296915168856902,0.5,-1.04393604472116,0.531844298250898,1,2
stored_cross__matched__thirds,var_between_sdi,pooled,5,-0.515806799986789,0.264774752952141,0.12322613142798,0.1875,-1.25093936680072,0.219325766827138,1,4
stored_cross__matched__thirds,var_between_sdi,M1,2,-0.470074518339519,0.738543371473907,0.639152303616682,1,-9.85415780283171,8.91400876615267,1,1
stored_cross__matched__thirds,var_between_sdi,M2,3,-0.546294987751636,0.2251848503535,0.136074800597769,0.25,-1.51518719882335,0.422597223320075,0,3
stored_cross__matched__thirds,var_between_svm,pooled,5,-2.3235819552288,2.28994237433108,0.367640352022067,0.5,-8.68148125162535,4.03431734116775,1,3
stored_cross__matched__thirds,var_between_svm,M1,2,-3.93909331409336,6.82810245310248,0.66688442386352,1,-90.6983610427902,82.8201744146034,1,1
stored_cross__matched__thirds,var_between_svm,M2,3,-1.24657438265242,0.698947482482514,0.216440681155972,0.5,-4.25390267610732,1.76075391080248,0,2
stored_cross__matched__thirds,var_noise_variance_DiD,pooled,5,-32.7095976917639,31.8841918415321,0.362930112711152,0.4375,-121.234306063373,55.8151106798453,2,3
stored_cross__matched__thirds,var_noise_variance_DiD,M1,2,-80.9345498786034,78.9607512801801,0.492141761606504,0.5,-1084.22602176674,922.356922009533,0,2
stored_cross__matched__thirds,var_noise_variance_DiD,M2,3,-0.559629567204289,4.28718874895527,0.908088289388487,1,-19.0059139408479,17.8866548064393,2,1
stored_cross__matched__thirds,var_rms_radius_DiD,pooled,5,-0.121138398063962,0.156161885109637,0.481221950660041,0.5,-0.554713299595073,0.31243650346715,2,3
stored_cross__matched__thirds,var_rms_radius_DiD,M1,2,-0.285585553657663,0.298738841840047,0.514328050450848,1,-4.08142244072501,3.51025133340968,1,1
stored_cross__matched__thirds,var_rms_radius_DiD,M2,3,-0.0115069610014939,0.191092475880649,0.957458899668602,1,-0.833711523983953,0.810697601980966,1,2
stored_cross__matched__thirds,var_rms_radius_raw_DiD,pooled,5,-0.774674087091692,0.981962854358472,0.474297031826843,0.5,-3.50104004756133,1.95169187337794,2,3
stored_cross__matched__thirds,var_rms_radius_raw_DiD,M1,2,-1.56738427486818,1.83674846177434,0.550270073489706,1,-24.9054862790269,21.7707177292905,1,1
stored_cross__matched__thirds,var_rms_radius_raw_DiD,M2,3,-0.246200628574032,1.31928640120672,0.869176289722003,1,-5.92263186404745,5.43023060689939,1,2
stored_cross__matched__thirds,var_signal_dimension_DiD,pooled,5,-0.13684410230435,0.129900730614915,0.351561648602108,0.375,-0.497506349981749,0.22381814537305,1,4
stored_cross__matched__thirds,var_signal_dimension_DiD,M1,2,-0.129355110093226,0.0813910838512462,0.357537467170822,0.5,-1.16352688520632,0.904816665019869,0,2
stored_cross__matched__thirds,var_signal_dimension_DiD,M2,3,-0.141836763778432,0.232396223868617,0.603761045954181,0.75,-1.1417570107902,0.858083483233341,1,2
stored_cross__matched__thirds,var_signal_distance_DiD,pooled,5,5.43001056730421,4.72023449930112,0.314086328595717,0.375,-7.67546140366615,18.5354825382746,3,2
stored_cross__matched__thirds,var_signal_distance_DiD,M1,2,7.46176672865961,9.2952477081705,0.569380227206746,1,-110.645553724813,125.569087182133,1,1
stored_cross__matched__thirds,var_signal_distance_DiD,M2,3,4.07550645973394,6.57075470455597,0.598349224057539,0.75,-24.1961692063379,32.3471821258058,2,1
stored_cross__matched__thirds,var_signal_radius_DiD,pooled,5,-0.0522362298306972,0.266393947589006,0.854101478530138,0.75,-0.79186440166851,0.687391942007115,3,2
stored_cross__matched__thirds,var_signal_radius_DiD,M1,2,-0.0245615447114332,0.551045525146883,0.971642955806372,1,-7.02625880618063,6.97713571675776,1,1
stored_cross__matched__thirds,var_signal_radius_DiD,M2,3,-0.0706860199102065,0.367300831294421,0.865162009070713,1,-1.65105394431839,1.50968190449798,2,1
stored_cross__matched__thirds,var_within_sdi_DiD,pooled,5,4.51189163400729,4.3957497688287,0.36270690869895,0.4375,-7.69266629533148,16.7164495633461,4,1
stored_cross__matched__thirds,var_within_sdi_DiD,M1,2,12.3943381291443,8.77511938669998,0.392203022577345,0.5,-99.1041253826414,123.89280164093,2,0
stored_cross__matched__thirds,var_within_sdi_DiD,M2,3,-0.743072696084059,2.05495353850487,0.752279168248796,1,-9.58482414804035,8.09867875587223,2,1
stored_cross__matched__thirds,var_within_svm_DiD,pooled,5,3.18932645571948,2.08046684810316,0.200052031403569,0.25,-2.58697554122282,8.96562845266178,4,1
stored_cross__matched__thirds,var_within_svm_DiD,M1,2,5.89039352607515,2.52521151927883,0.257831246755726,0.5,-26.1954610400284,37.9762480921787,2,0
stored_cross__matched__thirds,var_within_svm_DiD,M2,3,1.38861507548236,2.87211445411051,0.676508854296801,0.75,-10.9690960206491,13.7463261716138,2,1
stored_cross__matched__halves,global_RSA_Hyper_net,pooled,2,0.199698780686675,0.150408741783654,0.410958416673914,0.5,-1.71142548652687,2.11082304790022,2,0
stored_cross__matched__halves,global_RSA_Hyper_net,M1,1,0.35010752247033,NaN,NaN,1,NaN,NaN,1,0
stored_cross__matched__halves,global_RSA_Hyper_net,M2,1,0.0492900389030212,NaN,NaN,1,NaN,NaN,1,0
stored_cross__matched__halves,global_RSA_Polar_net,pooled,5,0.101177608150927,0.0253343149111074,0.0162149043090713,0.0625,0.0308382735224435,0.171516942779411,5,0
stored_cross__matched__halves,global_RSA_Polar_net,M1,2,0.121800123759704,0.0432282823848865,0.217115182846618,0.5,-0.427467282615838,0.671067530135246,2,0
stored_cross__matched__halves,global_RSA_Polar_net,M2,3,0.0874292644117423,0.0357807077385457,0.134507702379443,0.25,-0.0665226954118788,0.241381224235363,3,0
stored_cross__matched__halves,global_between_sdi,pooled,5,-0.0611701862653101,0.301860603485277,0.849303500419299,0.9375,-0.89926958126406,0.77692920873344,2,3
stored_cross__matched__halves,global_between_sdi,M1,2,-0.102440830194612,0.270545021045035,0.769566907426015,1,-3.54004125794552,3.33515959755629,1,1
stored_cross__matched__halves,global_between_sdi,M2,3,-0.0336564236457756,0.527625136563872,0.954940522051214,1,-2.30384415776675,2.2365313104752,1,2
stored_cross__matched__halves,global_between_svm,pooled,5,-0.208893453761397,0.896353601741118,0.827163857674802,0.875,-2.69757002384193,2.27978311631914,3,2
stored_cross__matched__halves,global_between_svm,M1,2,-0.630889968525842,2.05681589445177,0.810528669402476,1,-26.7652138280483,25.5034338909966,1,1
stored_cross__matched__halves,global_between_svm,M2,3,0.0724375560815673,1.08123454220181,0.952680286285032,1,-4.57973919842247,4.72461431058561,2,1
stored_cross__matched__halves,global_orthogonality_Hyper_minus_Grating,pooled,2,1.36513023376465,2.20685081481934,0.647328718695112,1,-26.6755680415238,29.4058285090531,1,1
stored_cross__matched__halves,global_orthogonality_Hyper_minus_Grating,M1,1,3.57198104858399,NaN,NaN,1,NaN,NaN,1,0
stored_cross__matched__halves,global_orthogonality_Hyper_minus_Grating,M2,1,-0.841720581054688,NaN,NaN,1,NaN,NaN,0,1
stored_cross__matched__halves,global_orthogonality_Polar_minus_Grating,pooled,5,3.2281591796875,3.15346848446192,0.363852328490578,0.4375,-5.52727295839231,11.9835913177673,4,1
stored_cross__matched__halves,global_orthogonality_Polar_minus_Grating,M1,2,3.30437049865723,1.16028251647949,0.214977736460577,0.5,-11.4384167075352,18.0471577048496,2,0
stored_cross__matched__halves,global_orthogonality_Polar_minus_Grating,M2,3,3.17735163370768,5.7180328503098,0.634297310902743,0.75,-21.4253580184748,27.7800612858902,2,1
stored_cross__matched__halves,global_rms_radius_DiD,pooled,5,-0.127010251516774,0.129782043960323,0.383168372227845,0.4375,-0.487342972212977,0.233322469179429,1,4
stored_cross__matched__halves,global_rms_radius_DiD,M1,2,-0.110430023677615,0.044685996227269,0.244788164581632,0.5,-0.678219440581225,0.457359393225994,0,2
stored_cross__matched__halves,global_rms_radius_DiD,M2,3,-0.13806373674288,0.235215346599454,0.616658350894118,0.75,-1.15011368986799,0.873986216382228,1,2
stored_cross__matched__halves,global_rms_radius_raw_DiD,pooled,5,-0.880049558085247,0.860872691477743,0.364443485207728,0.4375,-3.27021532853708,1.51011621236658,1,4
stored_cross__matched__halves,global_rms_radius_raw_DiD,M1,2,-0.926395603970462,0.533163044952829,0.332460737447215,0.5,-7.70087441090342,5.8480832029625,0,2
stored_cross__matched__halves,global_rms_radius_raw_DiD,M2,3,-0.84915219416177,1.54090613495249,0.63692352505705,0.75,-7.47913618200278,5.78083179367924,1,2
stored_cross__matched__halves,global_signal_dimension_DiD,pooled,5,-0.170900749686973,0.163311750009478,0.354411022427688,0.375,-0.624326858622075,0.282525359248129,2,3
stored_cross__matched__halves,global_signal_dimension_DiD,M1,2,0.16463054577697,0.0829042037604782,0.296986524898046,0.5,-0.88876724069321,1.21802833224715,2,0
stored_cross__matched__halves,global_signal_dimension_DiD,M2,3,-0.394588279996269,0.155133010511308,0.126007794905902,0.25,-1.062071751147,0.272895191154461,0,3
stored_cross__matched__halves,global_signal_radius_DiD,pooled,5,-0.00339418483811773,0.213386068572368,0.988070896696789,1,-0.59584889044327,0.589060520767035,2,3
stored_cross__matched__halves,global_signal_radius_DiD,M1,2,0.237650880532009,0.531097623961263,0.732142887453447,1,-6.51058426441572,6.98588602547974,1,1
stored_cross__matched__halves,global_signal_radius_DiD,M2,3,-0.164090895084869,0.15961786017959,0.412013701046862,0.5,-0.85087111690335,0.522689326733613,1,2
stored_cross__matched__halves,var_between_sdi,pooled,5,-0.579288488811884,0.220629765374759,0.0584542630608741,0.125,-1.19185492094757,0.0332779433238028,1,4
stored_cross__matched__halves,var_between_sdi,M1,2,-0.347629219945633,0.616098073080022,0.672960291116355,1,-8.17589747406311,7.48063903417184,1,1
stored_cross__matched__halves,var_between_sdi,M2,3,-0.733728001389384,0.0769301341497283,0.0108151502602797,0.25,-1.0647316530887,-0.402724349690063,0,3
stored_cross__matched__halves,var_between_svm,pooled,5,-1.95715459584507,1.99463531498612,0.382044293419048,0.5,-7.49515005279294,3.5808408611028,2,3
stored_cross__matched__halves,var_between_svm,M1,2,-3.11678290844959,6.00579204745871,0.695248496294235,1,-79.4276062663498,73.1940404494506,1,1
stored_cross__matched__halves,var_between_svm,M2,3,-1.18406905410873,0.70117343905836,0.233336465745762,0.5,-4.200974865701,1.83283675748354,1,2
stored_cross__matched__halves,var_noise_variance_DiD,pooled,5,-34.2091872031468,31.4691048257672,0.338125664132899,0.1875,-121.581429261604,53.1630548553109,1,4
stored_cross__matched__halves,var_noise_variance_DiD,M1,2,-81.0722736736109,78.8230274851726,0.491045264319322,0.5,-1082.61379882534,920.469251478117,0,2
stored_cross__matched__halves,var_noise_variance_DiD,M2,3,-2.96712955617072,3.14789881557668,0.445395295491238,0.75,-16.5114449879868,10.5771858756454,1,2
stored_cross__matched__halves,var_rms_radius_DiD,pooled,5,-0.151715481565236,0.137234516475543,0.33095169437459,0.375,-0.532739583097942,0.22930861996747,2,3
stored_cross__matched__halves,var_rms_radius_DiD,M1,2,-0.253048090715845,0.331276304781865,0.584725625796671,1,-4.46231264351762,3.95621646208593,1,1
stored_cross__matched__halves,var_rms_radius_DiD,M2,3,-0.0841604087981637,0.143149462160727,0.616127912186259,0.75,-0.700082832926182,0.531762015329855,1,2
stored_cross__matched__halves,var_rms_radius_raw_DiD,pooled,5,-0.983590899876334,0.861127090929204,0.317093151319217,0.375,-3.37446299643994,1.40728119668727,2,3
stored_cross__matched__halves,var_rms_radius_raw_DiD,M1,2,-1.40390024018591,2.00023249645661,0.610402125465659,1,-26.8192638601134,24.0114633797416,1,1
stored_cross__matched__halves,var_rms_radius_raw_DiD,M2,3,-0.703384673003283,1.01980968674254,0.56164761125831,0.75,-5.09127160549103,3.68450225948446,1,2
stored_cross__matched__halves,var_signal_dimension_DiD,pooled,5,-0.158191981836808,0.101513840471059,0.194156862765964,0.1875,-0.440039587322509,0.123655623648892,1,4
stored_cross__matched__halves,var_signal_dimension_DiD,M1,2,-0.222602212595542,0.174638186353562,0.423502886093667,0.5,-2.44159076315812,1.99638633796704,0,2
stored_cross__matched__halves,var_signal_dimension_DiD,M2,3,-0.115251827997653,0.147916236312973,0.517438469686606,0.5,-0.751684025943932,0.521180369948626,1,2
stored_cross__matched__halves,var_signal_distance_DiD,pooled,5,3.22409887800545,5.0523903401131,0.558089356649589,0.75,-10.8035855513502,17.2517833073611,2,3
stored_cross__matched__halves,var_signal_distance_DiD,M1,2,9.95055519995481,11.7840361794657,0.553576956047806,1,-139.779821114826,159.680931514736,1,1
stored_cross__matched__halves,var_signal_distance_DiD,M2,3,-1.26020533662746,3.69658769338112,0.765652728609907,0.75,-17.165338466312,14.6449277930571,1,2
stored_cross__matched__halves,var_signal_radius_DiD,pooled,5,0.012374962320303,0.246280238328329,0.962334196623759,0.9375,-0.671408599893332,0.696158524533938,3,2
stored_cross__matched__halves,var_signal_radius_DiD,M1,2,0.0960724667925724,0.671679536650889,0.909555698509015,1,-8.43842524299258,8.63057017657772,1,1
stored_cross__matched__halves,var_signal_radius_DiD,M2,3,-0.0434233739945433,0.218868837584591,0.861071146420788,1,-0.985139975484975,0.898293227495888,2,1
stored_cross__matched__halves,var_within_sdi_DiD,pooled,5,5.53472969899788,5.34592816133759,0.359004980530034,0.5,-9.3079463772869,20.3774057752827,3,2
stored_cross__matched__halves,var_within_sdi_DiD,M1,2,14.862073871652,11.2428551292076,0.412297339892166,0.5,-127.991945219212,157.716092962516,2,0
stored_cross__matched__halves,var_within_sdi_DiD,M2,3,-0.683499749438189,2.19003592666355,0.784500566094546,0.75,-10.1064638075465,8.73946430867012,1,2
stored_cross__matched__halves,var_within_svm_DiD,pooled,5,3.15921792589828,2.70023569913266,0.306964105522687,0.375,-4.33783826383894,10.6562741156355,3,2
stored_cross__matched__halves,var_within_svm_DiD,M1,2,7.6173510500542,4.25216904325788,0.324124372616266,0.5,-46.4115793864045,61.6462814865129,2,0
stored_cross__matched__halves,var_within_svm_DiD,M2,3,0.187129176461004,2.68991130471932,0.950868080336301,1,-11.3866250415735,11.7608833944955,1,2
stored_cross__matched__first_last,global_RSA_Hyper_net,pooled,2,0.113310506846654,0.12707826724019,0.536421267677027,1,-1.50137197422552,1.72799298791883,1,1
stored_cross__matched__first_last,global_RSA_Hyper_net,M1,1,0.240388774086844,NaN,NaN,1,NaN,NaN,1,0
stored_cross__matched__first_last,global_RSA_Hyper_net,M2,1,-0.0137677603935356,NaN,NaN,1,NaN,NaN,0,1
stored_cross__matched__first_last,global_RSA_Polar_net,pooled,5,0.114980784355678,0.0657403230129941,0.155194734675527,0.125,-0.0675436136878714,0.297505182399227,4,1
stored_cross__matched__first_last,global_RSA_Polar_net,M1,2,0.0238772501436902,0.0546945912311273,0.737955971146319,1,-0.671083424000398,0.718837924287779,1,1
stored_cross__matched__first_last,global_RSA_Polar_net,M2,3,0.175716473830336,0.0937964329078846,0.20188070097418,0.25,-0.227857004261535,0.579289951922208,3,0
stored_cross__matched__first_last,global_between_sdi,pooled,5,-0.101577089146758,0.434183752156097,0.826510236755245,0.875,-1.30706444257696,1.10391026428345,2,3
stored_cross__matched__first_last,global_between_sdi,M1,2,-0.139527661019071,0.307631851869494,0.728923791647329,1,-4.04836095424143,3.76930563220329,1,1
stored_cross__matched__first_last,global_between_sdi,M2,3,-0.0762767078985484,0.772035737565825,0.930308101843099,1,-3.39807838160028,3.24552496580319,1,2
stored_cross__matched__first_last,global_between_svm,pooled,5,-0.504401326383592,1.81844416290578,0.795233119946075,0.875,-5.55321172155886,4.54440906879167,3,2
stored_cross__matched__first_last,global_between_svm,M1,2,-2.53092290660226,3.95684883252819,0.637730676536316,1,-52.8074542827992,47.7456084695947,1,1
stored_cross__matched__first_last,global_between_svm,M2,3,0.846613060428856,1.87670718080261,0.696099549177013,0.75,-7.2282062139919,8.92143233484962,2,1
stored_cross__matched__first_last,global_orthogonality_Hyper_minus_Grating,pooled,2,-13.1046924591064,14.3596363067627,0.52906922447129,1,-195.561171309841,169.351786391628,1,1
stored_cross__matched__first_last,global_orthogonality_Hyper_minus_Grating,M1,1,-27.4643287658691,NaN,NaN,1,NaN,NaN,0,1
stored_cross__matched__first_last,global_orthogonality_Hyper_minus_Grating,M2,1,1.25494384765625,NaN,NaN,1,NaN,NaN,1,0
stored_cross__matched__first_last,global_orthogonality_Polar_minus_Grating,pooled,5,2.09238967895508,7.08320790081533,0.78238648785351,0.6875,-17.573748226362,21.7585275842722,4,1
stored_cross__matched__first_last,global_orthogonality_Polar_minus_Grating,M1,2,-9.12494087219238,13.5895938873291,0.623555659296891,1,-181.797103086064,163.547221341679,1,1
stored_cross__matched__first_last,global_orthogonality_Polar_minus_Grating,M2,3,9.57061004638672,5.98127927090532,0.250712011479148,0.25,-16.1647575359679,35.3059776287413,3,0
stored_cross__matched__first_last,global_rms_radius_DiD,pooled,5,-0.387713631095828,0.237397691262235,0.177768323610861,0.1875,-1.04683528898612,0.271408026794462,1,4
stored_cross__matched__first_last,global_rms_radius_DiD,M1,2,-0.56408393880129,0.408967918896406,0.399362023633986,0.5,-5.76051404682631,4.63234616922373,0,2
stored_cross__matched__first_last,global_rms_radius_DiD,M2,3,-0.270133425958853,0.33885972372047,0.508948864115514,0.5,-1.72812914122688,1.18786228930917,1,2
stored_cross__matched__first_last,global_rms_radius_raw_DiD,pooled,5,-2.66576224132096,1.59027771643606,0.168989498795418,0.1875,-7.08108102302499,1.74955654038307,1,4
stored_cross__matched__first_last,global_rms_radius_raw_DiD,M1,2,-3.50826190791003,2.04870325898673,0.336482736622825,0.5,-29.5395049602638,22.5229811444437,0,2
stored_cross__matched__first_last,global_rms_radius_raw_DiD,M2,3,-2.10409579692825,2.57614942826241,0.499879033502395,0.5,-13.188372166684,8.98018057282753,1,2
stored_cross__matched__first_last,global_signal_dimension_DiD,pooled,5,-0.0730474639100263,0.242834924162943,0.778546036054063,0.8125,-0.747265300473306,0.601170372653254,3,2
stored_cross__matched__first_last,global_signal_dimension_DiD,M1,2,0.30218164991191,0.0546469003744612,0.113896144403151,0.5,-0.392173054443336,0.996536354267155,2,0
stored_cross__matched__first_last,global_signal_dimension_DiD,M2,3,-0.323200206457984,0.342559114336827,0.445023589828305,0.5,-1.79711311485989,1.15071270194392,1,2
stored_cross__matched__first_last,global_signal_radius_DiD,pooled,5,-0.426304766703941,0.164515611241123,0.0606025872337348,0.125,-0.88307333026298,0.0304637968550974,1,4
stored_cross__matched__first_last,global_signal_radius_DiD,M1,2,-0.385376131361745,0.09192938793249,0.149076217388516,0.5,-1.55344975570319,0.782697492979701,0,2
stored_cross__matched__first_last,global_signal_radius_DiD,M2,3,-0.453590523598739,0.294058344023655,0.262902511574249,0.5,-1.71882146021772,0.811640413020247,1,2
stored_cross__matched__first_last,var_between_sdi,pooled,5,-0.695310986606959,0.380904014648993,0.141979989897119,0.1875,-1.75287007362934,0.362248100415425,1,4
stored_cross__matched__first_last,var_between_sdi,M1,2,-0.845207199265928,1.11367605240032,0.586709803999277,1,-14.9958031308392,13.3053887323073,1,1
stored_cross__matched__first_last,var_between_sdi,M2,3,-0.595380178167646,0.240247240556294,0.131470240404602,0.25,-1.62908062356196,0.438320267226667,0,3
stored_cross__matched__first_last,var_between_svm,pooled,5,-3.88609755911346,3.65783237273609,0.347937724137693,0.5,-14.0418683460306,6.2696732278037,1,3
stored_cross__matched__first_last,var_between_svm,M1,2,-7.57555715889058,10.4645662978997,0.601092171144795,1,-140.540479015278,125.389364697497,1,1
stored_cross__matched__first_last,var_between_svm,M2,3,-1.42645782592872,0.731066641568848,0.190309298245407,0.5,-4.57198370690369,1.71906805504626,0,2
stored_cross__matched__first_last,var_noise_variance_DiD,pooled,5,-32.7194322160583,31.868274770555,0.362586858446022,0.5,-121.199947713864,55.7610832817476,3,2
stored_cross__matched__first_last,var_noise_variance_DiD,M1,2,-79.0182222754758,80.8770788833077,0.507400665024359,1,-1106.65894503053,948.622500479583,1,1
stored_cross__matched__first_last,var_noise_variance_DiD,M2,3,-1.85357217644657,3.74777911461375,0.669885012969675,1,-17.9789642144375,14.2718198615443,2,1
stored_cross__matched__first_last,var_rms_radius_DiD,pooled,5,-0.0632992105695351,0.177509973944074,0.739409978158983,0.75,-0.556145908850347,0.429547487711277,2,3
stored_cross__matched__first_last,var_rms_radius_DiD,M1,2,-0.125637985929841,0.458686409567869,0.829799115115102,1,-5.95380141560006,5.70252544374038,1,1
stored_cross__matched__first_last,var_rms_radius_DiD,M2,3,-0.0217400269959978,0.180949177626965,0.91535001774191,1,-0.800301500058577,0.756821446066582,1,2
stored_cross__matched__first_last,var_rms_radius_raw_DiD,pooled,5,-0.46359650904477,1.10309300069504,0.695882856777452,0.75,-3.52627367140245,2.59908065331291,2,3
stored_cross__matched__first_last,var_rms_radius_raw_DiD,M1,2,-0.665402428300922,2.7387303083416,0.848266731279814,1,-35.4642704432562,34.1334655866543,1,1
stored_cross__matched__first_last,var_rms_radius_raw_DiD,M2,3,-0.329059229540668,1.23822748738988,0.815318624696008,1,-5.65672210820953,4.9986036491282,1,2
stored_cross__matched__first_last,var_signal_dimension_DiD,pooled,5,-0.090155652112421,0.178226742743685,0.63956724740268,0.6875,-0.584992419618471,0.404681115393629,1,4
stored_cross__matched__first_last,var_signal_dimension_DiD,M1,2,-0.144178973140341,0.0962149468983609,0.374626327370141,0.5,-1.36670578711109,1.07834784083041,0,2
stored_cross__matched__first_last,var_signal_dimension_DiD,M2,3,-0.0541401047604744,0.318080809225217,0.880506658456815,1,-1.42273136685427,1.31445115733332,1,2
stored_cross__matched__first_last,var_signal_distance_DiD,pooled,5,5.72174577482431,5.4021989104429,0.349250648055988,0.4375,-9.27716294737974,20.7206544970284,3,2
stored_cross__matched__first_last,var_signal_distance_DiD,M1,2,9.676140079303,11.5096210588139,0.554958100965694,1,-136.567461529774,155.91974168838,1,1
stored_cross__matched__first_last,var_signal_distance_DiD,M2,3,3.08548290517186,6.66593570751716,0.688936867147828,0.75,-25.5957235631113,31.766689373455,2,1
stored_cross__matched__first_last,var_signal_radius_DiD,pooled,5,0.00205083993618969,0.295906454786749,0.994802024305144,1,-0.819517188052912,0.823618867925291,3,2
stored_cross__matched__first_last,var_signal_radius_DiD,M1,2,0.0441856047670642,0.619792674625381,0.954691430534846,1,-7.83102701300433,7.91939822253846,1,1
stored_cross__matched__first_last,var_signal_radius_DiD,M2,3,-0.0260390032843933,0.403527959782943,0.954418973022354,1,-1.7622796809747,1.71020167440591,2,1
stored_cross__matched__first_last,var_within_sdi_DiD,pooled,5,4.259685659721,4.72546385745457,0.418328524181076,0.6875,-8.86030533709781,17.3796766565398,3,2
stored_cross__matched__first_last,var_within_sdi_DiD,M1,2,13.0165979819897,9.3973792395454,0.398083724406105,0.5,-106.388426619152,132.421622583131,2,0
stored_cross__matched__first_last,var_within_sdi_DiD,M2,3,-1.57825588845816,1.54741660081334,0.415054947869726,0.5,-8.23625215000731,5.07974037309099,1,2
stored_cross__matched__first_last,var_within_svm_DiD,pooled,5,4.51738154845406,4.37025483174853,0.359689694355787,0.4375,-7.61639108762115,16.6511541845293,3,2
stored_cross__matched__first_last,var_within_svm_DiD,M1,2,11.8622613849731,8.49707937817676,0.395716411565653,0.5,-96.1033688536687,119.827891623615,2,0
stored_cross__matched__first_last,var_within_svm_DiD,M2,3,-0.37920500922528,3.10262336832367,0.913897815153108,1,-13.7287159143276,12.970305895877,1,2
stored_cross__matched__calendar_thirds,global_RSA_Hyper_net,pooled,2,0.0339623752283338,0.0477301356218694,0.606291658945538,1,-0.572506500068524,0.640431250525192,1,1
stored_cross__matched__calendar_thirds,global_RSA_Hyper_net,M1,1,0.0816925108502033,NaN,NaN,1,NaN,NaN,1,0
stored_cross__matched__calendar_thirds,global_RSA_Hyper_net,M2,1,-0.0137677603935356,NaN,NaN,1,NaN,NaN,0,1
stored_cross__matched__calendar_thirds,global_RSA_Polar_net,pooled,5,0.107308361882067,0.0262219558309138,0.0149468230560231,0.0625,0.0345045409666142,0.180112182797521,5,0
stored_cross__matched__calendar_thirds,global_RSA_Polar_net,M1,2,0.0938521277046986,0.050628268628833,0.314939097521675,0.5,-0.549441018931304,0.737145274340701,2,0
stored_cross__matched__calendar_thirds,global_RSA_Polar_net,M2,3,0.11627918466698,0.0365645746647262,0.086277363647386,0.25,-0.041045482326332,0.273603851660292,3,0
stored_cross__matched__calendar_thirds,global_between_sdi,pooled,5,-0.0435059702554025,0.453101126866123,0.928124308983509,0.875,-1.30151637610245,1.21450443559165,2,3
stored_cross__matched__calendar_thirds,global_between_sdi,M1,2,-0.00316616796756497,0.523341929104095,0.996148559044339,1,-6.65285586618882,6.64652353025369,1,1
stored_cross__matched__calendar_thirds,global_between_sdi,M2,3,-0.0703991717806274,0.769503599912323,0.935444231497498,1,-3.38130593649542,3.24050759293416,1,2
stored_cross__matched__calendar_thirds,global_between_svm,pooled,5,-0.413507310308415,1.50020638566472,0.796482859981586,0.8125,-4.57874798657369,3.75173336595686,3,2
stored_cross__matched__calendar_thirds,global_between_svm,M1,2,-1.23744007099986,3.89021784877765,0.803940489209486,1,-50.6673445258897,48.19246438389,1,1
stored_cross__matched__calendar_thirds,global_between_svm,M2,3,0.135781196819214,1.44233087913388,0.933579882437143,1,-6.07006769748812,6.34163009112655,2,1
stored_cross__matched__calendar_thirds,global_orthogonality_Hyper_minus_Grating,pooled,2,-5.28624280293782,6.54118665059407,0.567296450726604,1,-88.3998996029189,77.8274139970433,1,1
stored_cross__matched__calendar_thirds,global_orthogonality_Hyper_minus_Grating,M1,1,-11.8274294535319,NaN,NaN,1,NaN,NaN,0,1
stored_cross__matched__calendar_thirds,global_orthogonality_Hyper_minus_Grating,M2,1,1.25494384765625,NaN,NaN,1,NaN,NaN,1,0
stored_cross__matched__calendar_thirds,global_orthogonality_Polar_minus_Grating,pooled,5,3.22137629191081,3.44605041702534,0.402811755262351,0.4375,-6.34639352070401,12.7891461045256,4,1
stored_cross__matched__calendar_thirds,global_orthogonality_Polar_minus_Grating,M1,2,-2.40991910298665,5.30876859029134,0.728714382313547,1,-69.8642197082019,65.0443815022286,1,1
stored_cross__matched__calendar_thirds,global_orthogonality_Polar_minus_Grating,M2,3,6.97557322184245,3.54575479100881,0.188026626174656,0.25,-8.28057830871383,22.2317247523987,3,0
stored_cross__matched__calendar_thirds,global_rms_radius_DiD,pooled,5,-0.308150968942886,0.277474320096616,0.329017120944223,0.3125,-1.07854318679322,0.462241248907449,1,4
stored_cross__matched__calendar_thirds,global_rms_radius_DiD,M1,2,-0.63370004747052,0.5971185771279,0.481084431798204,0.5,-8.22081094023094,6.9534108452899,0,2
stored_cross__matched__calendar_thirds,global_rms_radius_DiD,M2,3,-0.0911182499244632,0.280910652321195,0.776442617002304,0.75,-1.29977923494996,1.11754273510103,1,2
stored_cross__matched__calendar_thirds,global_rms_radius_raw_DiD,pooled,5,-1.88139555668956,1.66102585576532,0.320645072816432,0.3125,-6.49314266353617,2.73035155015704,1,4
stored_cross__matched__calendar_thirds,global_rms_radius_raw_DiD,M1,2,-3.7850107751907,3.18705884989851,0.445534280549922,0.5,-44.2804330282386,36.7104114778572,0,2
stored_cross__matched__calendar_thirds,global_rms_radius_raw_DiD,M2,3,-0.612318744355472,1.94877226213306,0.78311048340995,0.75,-8.99720903768231,7.77257154897136,1,2
stored_cross__matched__calendar_thirds,global_signal_dimension_DiD,pooled,5,-0.0748616751227562,0.20927385147751,0.738629304901084,0.75,-0.65589903570338,0.506175685457868,2,3
stored_cross__matched__calendar_thirds,global_signal_dimension_DiD,M1,2,0.183042535955934,0.292461015401594,0.643986568148229,1,-3.53302700308626,3.89911207499813,1,1
stored_cross__matched__calendar_thirds,global_signal_dimension_DiD,M2,3,-0.246797815841883,0.283763027173719,0.476144257529868,0.5,-1.46773157931285,0.974135947629088,1,2
stored_cross__matched__calendar_thirds,global_signal_radius_DiD,pooled,5,-0.333622725749757,0.17840576091073,0.134827654276244,0.125,-0.828956527369442,0.161711075869927,1,4
stored_cross__matched__calendar_thirds,global_signal_radius_DiD,M1,2,-0.510050852513351,0.411659348074555,0.432297956335899,0.5,-5.74067881070885,4.72057710568215,0,2
stored_cross__matched__calendar_thirds,global_signal_radius_DiD,M2,3,-0.216003974574028,0.179763359771191,0.352501673054553,0.5,-0.989463285202478,0.557455336054422,1,2
stored_cross__matched__calendar_thirds,var_between_sdi,pooled,3,-0.691026169347061,0.286881999444632,0.137644202621206,0.25,-1.92537978737349,0.543327448679367,0,3
stored_cross__matched__calendar_thirds,var_between_sdi,M1,1,-0.95349685928805,NaN,NaN,1,NaN,NaN,0,1
stored_cross__matched__calendar_thirds,var_between_sdi,M2,2,-0.559790824376567,0.441854837596551,0.425386502106968,0.5,-6.17408885454757,5.05450720579444,0,2
stored_cross__matched__calendar_thirds,var_between_svm,pooled,3,-3.43718418437335,2.72061132305022,0.33378002874208,0.5,-15.1430299200827,8.26866155133598,0,2
stored_cross__matched__calendar_thirds,var_between_svm,M1,1,-8.80878894767787,NaN,NaN,1,NaN,NaN,0,1
stored_cross__matched__calendar_thirds,var_between_svm,M2,2,-0.751381802721092,0.751381802721092,0.5,1,-10.2985928231313,8.79582921768912,0,1
stored_cross__matched__calendar_thirds,var_noise_variance_DiD,pooled,3,1.06387993084703,2.19687143459128,0.676036518113145,0.75,-8.38849494410575,10.5162548057998,2,1
stored_cross__matched__calendar_thirds,var_noise_variance_DiD,M1,1,-3.32831153448292,NaN,NaN,1,NaN,NaN,0,1
stored_cross__matched__calendar_thirds,var_noise_variance_DiD,M2,2,3.25997566351201,0.101108354162748,0.0197384756306495,0.5,1.97527221498247,4.54467911204154,2,0
stored_cross__matched__calendar_thirds,var_rms_radius_DiD,pooled,3,-0.00884716534337985,0.152542009070211,0.959023508395457,1,-0.665182457070789,0.64748812638403,1,2
stored_cross__matched__calendar_thirds,var_rms_radius_DiD,M1,1,-0.0602489442826091,NaN,NaN,1,NaN,NaN,0,1
stored_cross__matched__calendar_thirds,var_rms_radius_DiD,M2,2,0.0168537241262348,0.26043345874703,0.958859074321175,1,-3.29226712286363,3.3259745711161,1,1
stored_cross__matched__calendar_thirds,var_rms_radius_raw_DiD,pooled,3,-0.172098400288569,1.08416384366938,0.888455494424215,0.75,-4.83687892174828,4.49268212117115,1,2
stored_cross__matched__calendar_thirds,var_rms_radius_raw_DiD,M1,1,-0.272913257521623,NaN,NaN,1,NaN,NaN,0,1
stored_cross__matched__calendar_thirds,var_rms_radius_raw_DiD,M2,2,-0.121690971672042,1.87579609584322,0.958757527423423,1,-23.9559402087732,23.7125582654291,1,1
stored_cross__matched__calendar_thirds,var_signal_dimension_DiD,pooled,3,-0.0502734262991555,0.261055659031623,0.86507243467313,0.75,-1.17350527024811,1.0729584176498,1,2
stored_cross__matched__calendar_thirds,var_signal_dimension_DiD,M1,1,-0.114069649955186,NaN,NaN,1,NaN,NaN,0,1
stored_cross__matched__calendar_thirds,var_signal_dimension_DiD,M2,2,-0.01837531447114,0.448773553947565,0.973947757111508,1,-5.72058397110964,5.68383334216736,1,1
stored_cross__matched__calendar_thirds,var_signal_distance_DiD,pooled,3,11.6122221111216,7.78843188710394,0.274467125066461,0.5,-21.8986956083939,45.1231398306372,2,1
stored_cross__matched__calendar_thirds,var_signal_distance_DiD,M1,1,22.6623625666705,NaN,NaN,1,NaN,NaN,1,0
stored_cross__matched__calendar_thirds,var_signal_distance_DiD,M2,2,6.08715188334722,9.50788150508065,0.637463857665973,1,-114.721937127496,126.896240894191,1,1
stored_cross__matched__calendar_thirds,var_signal_radius_DiD,pooled,3,0.0907251693584269,0.427847253893322,0.851715396315364,1,-1.75015298552149,1.93160332423834,2,1
stored_cross__matched__calendar_thirds,var_signal_radius_DiD,M1,1,0.64659209134379,NaN,NaN,1,NaN,NaN,1,0
stored_cross__matched__calendar_thirds,var_signal_radius_DiD,M2,2,-0.187208291634255,0.563399318222927,0.795768940642162,1,-7.34587537719601,6.9714587939275,1,1
stored_cross__matched__calendar_thirds,var_within_sdi_DiD,pooled,3,9.46147588069945,9.72951172893698,0.433400188473832,0.75,-32.4012343189406,51.3241860803395,2,1
stored_cross__matched__calendar_thirds,var_within_sdi_DiD,M1,1,28.9144583703239,NaN,NaN,1,NaN,NaN,1,0
stored_cross__matched__calendar_thirds,var_within_sdi_DiD,M2,2,-0.265015364112796,0.419880511978062,0.641568542236307,1,-5.6001031140359,5.07007238581031,1,1
stored_cross__matched__calendar_thirds,var_within_svm_DiD,pooled,3,6.41607007604956,4.09753442225375,0.257875993955695,0.5,-11.2141975911029,24.046337743202,2,1
stored_cross__matched__calendar_thirds,var_within_svm_DiD,M1,1,13.8034934222553,NaN,NaN,1,NaN,NaN,1,0
stored_cross__matched__calendar_thirds,var_within_svm_DiD,M2,2,2.72235840294669,3.07227069976163,0.538396058353038,1,-36.3145421131753,41.7592589190687,1,1
stored_cross_common_labels__matched__thirds,global_RSA_Hyper_net,pooled,2,0.181270450184,0.195038210577536,0.523281209779555,1,-2.29692498479132,2.65946588515932,1,1
stored_cross_common_labels__matched__thirds,global_RSA_Hyper_net,M1,1,0.376308660761536,NaN,NaN,1,NaN,NaN,1,0
stored_cross_common_labels__matched__thirds,global_RSA_Hyper_net,M2,1,-0.0137677603935356,NaN,NaN,1,NaN,NaN,0,1
stored_cross_common_labels__matched__thirds,global_RSA_Polar_net,pooled,5,0.111600495390049,0.0216721215854645,0.0067468084003945,0.0625,0.0514290394948347,0.171771951285263,5,0
stored_cross_common_labels__matched__thirds,global_RSA_Polar_net,M1,2,0.105305090099543,0.0267332487247255,0.158271785636505,0.5,-0.234373041459901,0.444983221658987,2,0
stored_cross_common_labels__matched__thirds,global_RSA_Polar_net,M2,3,0.115797432250386,0.0361298049006971,0.0851060019663572,0.25,-0.0396565714309134,0.271251435931686,3,0
stored_cross_common_labels__matched__thirds,global_between_sdi,pooled,5,-0.261254887647267,0.320059451207057,0.460166418310361,0.4375,-1.14988238432339,0.627372609028859,1,4
stored_cross_common_labels__matched__thirds,global_between_sdi,M1,2,-0.253697950824743,0.224499267570869,0.461176249651378,0.5,-3.10623160770147,2.59883570605199,0,2
stored_cross_common_labels__matched__thirds,global_between_sdi,M2,3,-0.266292845528949,0.569761769837828,0.686207659358139,0.75,-2.71777987982856,2.18519418877067,1,2
stored_cross_common_labels__matched__thirds,global_between_svm,pooled,5,-0.497280400441159,1.50394080734726,0.757502305070441,0.6875,-4.67288949350768,3.67832869262536,3,2
stored_cross_common_labels__matched__thirds,global_between_svm,M1,2,-0.927254885814676,3.06614377470356,0.813041953921023,1,-39.8863054377456,38.0317956661163,1,1
stored_cross_common_labels__matched__thirds,global_between_svm,M2,3,-0.21063074352548,2.07436831960181,0.928384943390573,1,-9.135917256366,8.71465576931504,2,1
stored_cross_common_labels__matched__thirds,global_orthogonality_Hyper_minus_Grating,pooled,2,10.0801881154378,8.82524426778158,0.457803042562879,0.5,-102.055172397747,122.215548628623,2,0
stored_cross_common_labels__matched__thirds,global_orthogonality_Hyper_minus_Grating,M1,1,18.9054323832194,NaN,NaN,1,NaN,NaN,1,0
stored_cross_common_labels__matched__thirds,global_orthogonality_Hyper_minus_Grating,M2,1,1.25494384765625,NaN,NaN,1,NaN,NaN,1,0
stored_cross_common_labels__matched__thirds,global_orthogonality_Polar_minus_Grating,pooled,5,8.89026845296224,3.11908355520938,0.0463825655964482,0.0625,0.230304183398232,17.5502327225262,5,0
stored_cross_common_labels__matched__thirds,global_orthogonality_Polar_minus_Grating,M1,2,10.7742799123128,6.30962689717611,0.337267396297,0.5,-69.3971312520815,90.9456910767071,2,0
stored_cross_common_labels__matched__thirds,global_orthogonality_Polar_minus_Grating,M2,3,7.63426081339518,4.14566434954508,0.206891593066124,0.25,-10.2030932168,25.4716148435903,3,0
stored_cross_common_labels__matched__thirds,global_rms_radius_DiD,pooled,5,-0.258407695831586,0.197518416337467,0.260893258806143,0.3125,-0.806806736058167,0.289991344394994,1,4
stored_cross_common_labels__matched__thirds,global_rms_radius_DiD,M1,2,-0.448044201857362,0.292928181952478,0.368626443285868,0.5,-4.17004965474098,3.27396125102625,0,2
stored_cross_common_labels__matched__thirds,global_rms_radius_DiD,M2,3,-0.131983358481069,0.285418788282053,0.689211986161083,0.75,-1.36004128700463,1.09607457004249,1,2
stored_cross_common_labels__matched__thirds,global_rms_radius_raw_DiD,pooled,5,-1.70936662346051,1.27660957972289,0.251602024017928,0.25,-5.25380304233074,1.83506979540972,1,4
stored_cross_common_labels__matched__thirds,global_rms_radius_raw_DiD,M1,2,-2.8605966554253,1.40103800650201,0.289936492570704,0.5,-20.6624724092019,14.9412790983513,0,2
stored_cross_common_labels__matched__thirds,global_rms_radius_raw_DiD,M2,3,-0.941879935483987,2.01043348426071,0.685529876142171,0.75,-9.59207705451805,7.70831718355008,1,2
stored_cross_common_labels__matched__thirds,global_signal_dimension_DiD,pooled,5,-0.0779453137142786,0.221314846811887,0.74246678722813,0.75,-0.692413836852741,0.536523209424183,3,2
stored_cross_common_labels__matched__thirds,global_signal_dimension_DiD,M1,2,0.25046628137557,0.00293153183812156,0.00745084690724999,0.5,0.213217637649783,0.287714925101357,2,0
stored_cross_common_labels__matched__thirds,global_signal_dimension_DiD,M2,3,-0.296886377107511,0.321474239852212,0.453232991274087,0.5,-1.68007839275176,1.08630563853674,1,2
stored_cross_common_labels__matched__thirds,global_signal_radius_DiD,pooled,5,-0.238787133922336,0.104019597790515,0.0833418008392389,0.125,-0.527591837052455,0.0500175692077835,1,4
stored_cross_common_labels__matched__thirds,global_signal_radius_DiD,M1,2,-0.212899024953145,0.0805477184761099,0.230261310288278,0.5,-1.23635482694236,0.810556777036068,0,2
stored_cross_common_labels__matched__thirds,global_signal_radius_DiD,M2,3,-0.25604587323513,0.183117304828806,0.296915168856902,0.5,-1.04393604472116,0.531844298250898,1,2
stored_cross_common_labels__matched__thirds,var_between_sdi,pooled,5,-0.525031371560666,0.258018330886889,0.111593851739091,0.1875,-1.24140510340287,0.191342360281543,1,4
stored_cross_common_labels__matched__thirds,var_between_sdi,M1,2,-0.493135947274211,0.715481942539216,0.615822092101102,1,-9.58419599421346,8.59792409966505,1,1
stored_cross_common_labels__matched__thirds,var_between_sdi,M2,3,-0.546294987751636,0.2251848503535,0.136074800597769,0.25,-1.51518719882335,0.422597223320075,0,3
stored_cross_common_labels__matched__thirds,var_between_svm,pooled,5,-2.37568232399583,2.26069935353243,0.352616124547666,0.5,-8.65238997843477,3.9010253304431,1,3
stored_cross_common_labels__matched__thirds,var_between_svm,M1,2,-4.06934423601096,6.69785153118489,0.652431373175522,1,-89.1736170837473,81.0349286117254,1,1
stored_cross_common_labels__matched__thirds,var_between_svm,M2,3,-1.24657438265242,0.698947482482514,0.216440681155972,0.5,-4.25390267610732,1.76075391080248,0,2
stored_cross_common_labels__matched__thirds,var_noise_variance_DiD,pooled,5,-30.104251983394,29.2866548499627,0.362082134657741,0.4375,-111.41704148919,51.208537522402,2,3
stored_cross_common_labels__matched__thirds,var_noise_variance_DiD,M1,2,-74.4211856076787,72.4473870092554,0.491444843848381,0.5,-994.952517548161,846.110146332803,0,2
stored_cross_common_labels__matched__thirds,var_noise_variance_DiD,M2,3,-0.559629567204289,4.28718874895527,0.908088289388487,1,-19.0059139408479,17.8866548064393,2,1
stored_cross_common_labels__matched__thirds,var_rms_radius_DiD,pooled,5,-0.14710053998539,0.176275969646576,0.45094370919432,0.5,-0.63652109307462,0.34232001310384,2,3
stored_cross_common_labels__matched__thirds,var_rms_radius_DiD,M1,2,-0.350490908461234,0.363644196643618,0.511724247369928,1,-4.97102852213681,4.27004670521434,1,1
stored_cross_common_labels__matched__thirds,var_rms_radius_DiD,M2,3,-0.0115069610014939,0.191092475880649,0.957458899668602,1,-0.833711523983953,0.810697601980966,1,2
stored_cross_common_labels__matched__thirds,var_rms_radius_raw_DiD,pooled,5,-0.924312325430056,1.0878310667397,0.443366192892727,0.5,-3.94461556596158,2.09599091510147,2,3
stored_cross_common_labels__matched__thirds,var_rms_radius_raw_DiD,M1,2,-1.94147987071409,2.21084405762025,0.541240190082183,1,-30.0329171065922,26.149957365164,1,1
stored_cross_common_labels__matched__thirds,var_rms_radius_raw_DiD,M2,3,-0.246200628574032,1.31928640120672,0.869176289722003,1,-5.92263186404745,5.43023060689939,1,2
stored_cross_common_labels__matched__thirds,var_signal_dimension_DiD,pooled,5,-0.157802685507375,0.127992428641482,0.285115590351761,0.3125,-0.513166637511394,0.197561266496645,1,4
stored_cross_common_labels__matched__thirds,var_signal_dimension_DiD,M1,2,-0.181751568100789,0.0289946258436833,0.100710623491541,0.5,-0.550163220319411,0.186660084117833,0,2
stored_cross_common_labels__matched__thirds,var_signal_dimension_DiD,M2,3,-0.141836763778432,0.232396223868617,0.603761045954181,0.75,-1.1417570107902,0.858083483233341,1,2
stored_cross_common_labels__matched__thirds,var_signal_distance_DiD,pooled,5,2.479615105813,6.45759501321753,0.720528672044684,0.75,-15.4495429599845,20.4087731716105,3,2
stored_cross_common_labels__matched__thirds,var_signal_distance_DiD,M1,2,0.0857780749315804,16.6712363618985,0.996724445898035,1,-211.742364344511,211.913920494375,1,1
stored_cross_common_labels__matched__thirds,var_signal_distance_DiD,M2,3,4.07550645973394,6.57075470455597,0.598349224057539,0.75,-24.1961692063379,32.3471821258058,2,1
stored_cross_common_labels__matched__thirds,var_signal_radius_DiD,pooled,5,-0.142390638729119,0.320446012792417,0.679770412898599,0.75,-1.03209140242678,0.747310124968538,3,2
stored_cross_common_labels__matched__thirds,var_signal_radius_DiD,M1,2,-0.249947566957489,0.776431547392939,0.801729777500976,1,-10.1154457717571,9.61555063784212,1,1
stored_cross_common_labels__matched__thirds,var_signal_radius_DiD,M2,3,-0.0706860199102065,0.367300831294421,0.865162009070713,1,-1.65105394431839,1.50968190449798,2,1
stored_cross_common_labels__matched__thirds,var_within_sdi_DiD,pooled,5,4.48482917634426,4.39720676884085,0.365430884211365,0.4375,-7.72377403354651,16.693432386235,4,1
stored_cross_common_labels__matched__thirds,var_within_sdi_DiD,M1,2,12.3266819849867,8.84277553085757,0.396160801076519,0.5,-100.031434346125,124.684798316099,2,0
stored_cross_common_labels__matched__thirds,var_within_sdi_DiD,M2,3,-0.743072696084059,2.05495353850487,0.752279168248796,1,-9.58482414804035,8.09867875587223,2,1
stored_cross_common_labels__matched__thirds,var_within_svm_DiD,pooled,5,2.56938891818585,2.15827596193153,0.299678244806929,0.3125,-3.42294581198499,8.56172364835669,4,1
stored_cross_common_labels__matched__thirds,var_within_svm_DiD,M1,2,4.34054968224108,4.07505536311289,0.479922668358641,0.5,-47.437938072718,56.1190374372002,2,0
stored_cross_common_labels__matched__thirds,var_within_svm_DiD,M2,3,1.38861507548236,2.87211445411051,0.676508854296801,0.75,-10.9690960206491,13.7463261716138,2,1
stored_cross_common_labels__matched__halves,global_RSA_Hyper_net,pooled,2,0.199698780686675,0.150408741783654,0.410958416673914,0.5,-1.71142548652687,2.11082304790022,2,0
stored_cross_common_labels__matched__halves,global_RSA_Hyper_net,M1,1,0.35010752247033,NaN,NaN,1,NaN,NaN,1,0
stored_cross_common_labels__matched__halves,global_RSA_Hyper_net,M2,1,0.0492900389030212,NaN,NaN,1,NaN,NaN,1,0
stored_cross_common_labels__matched__halves,global_RSA_Polar_net,pooled,5,0.101177608150927,0.0253343149111074,0.0162149043090713,0.0625,0.0308382735224435,0.171516942779411,5,0
stored_cross_common_labels__matched__halves,global_RSA_Polar_net,M1,2,0.121800123759704,0.0432282823848865,0.217115182846618,0.5,-0.427467282615838,0.671067530135246,2,0
stored_cross_common_labels__matched__halves,global_RSA_Polar_net,M2,3,0.0874292644117423,0.0357807077385457,0.134507702379443,0.25,-0.0665226954118788,0.241381224235363,3,0
stored_cross_common_labels__matched__halves,global_between_sdi,pooled,5,-0.182501297786269,0.188056329898247,0.386770902778154,0.4375,-0.704629374433717,0.339626778861179,1,4
stored_cross_common_labels__matched__halves,global_between_sdi,M1,2,-0.20109226724676,0.171893583992886,0.450264531489588,0.5,-2.38520733829522,1.98302280380169,0,2
stored_cross_common_labels__matched__halves,global_between_sdi,M2,3,-0.170107318145941,0.328394268975365,0.656065960753276,0.75,-1.58307381598688,1.24285917969499,1,2
stored_cross_common_labels__matched__halves,global_between_svm,pooled,5,-0.402011810997087,1.03805280201676,0.718275961811882,0.75,-3.28410843209338,2.48008481009921,3,2
stored_cross_common_labels__matched__halves,global_between_svm,M1,2,-0.274408487044361,2.41329737593325,0.927921535721696,1,-30.9382590349254,30.3894420608366,1,1
stored_cross_common_labels__matched__halves,global_between_svm,M2,3,-0.487080693632237,1.28119661418395,0.740391649801738,1,-5.99962480299657,5.0254634157321,2,1
stored_cross_common_labels__matched__halves,global_orthogonality_Hyper_minus_Grating,pooled,2,1.36513023376465,2.20685081481934,0.647328718695112,1,-26.6755680415238,29.4058285090531,1,1
stored_cross_common_labels__matched__halves,global_orthogonality_Hyper_minus_Grating,M1,1,3.57198104858399,NaN,NaN,1,NaN,NaN,1,0
stored_cross_common_labels__matched__halves,global_orthogonality_Hyper_minus_Grating,M2,1,-0.841720581054688,NaN,NaN,1,NaN,NaN,0,1
stored_cross_common_labels__matched__halves,global_orthogonality_Polar_minus_Grating,pooled,5,3.2281591796875,3.15346848446192,0.363852328490578,0.4375,-5.52727295839231,11.9835913177673,4,1
stored_cross_common_labels__matched__halves,global_orthogonality_Polar_minus_Grating,M1,2,3.30437049865723,1.16028251647949,0.214977736460577,0.5,-11.4384167075352,18.0471577048496,2,0
stored_cross_common_labels__matched__halves,global_orthogonality_Polar_minus_Grating,M2,3,3.17735163370768,5.7180328503098,0.634297310902743,0.75,-21.4253580184748,27.7800612858902,2,1
stored_cross_common_labels__matched__halves,global_rms_radius_DiD,pooled,5,-0.127010251516774,0.129782043960323,0.383168372227845,0.4375,-0.487342972212977,0.233322469179429,1,4
stored_cross_common_labels__matched__halves,global_rms_radius_DiD,M1,2,-0.110430023677615,0.044685996227269,0.244788164581632,0.5,-0.678219440581225,0.457359393225994,0,2
stored_cross_common_labels__matched__halves,global_rms_radius_DiD,M2,3,-0.13806373674288,0.235215346599454,0.616658350894118,0.75,-1.15011368986799,0.873986216382228,1,2
stored_cross_common_labels__matched__halves,global_rms_radius_raw_DiD,pooled,5,-0.880049558085247,0.860872691477743,0.364443485207728,0.4375,-3.27021532853708,1.51011621236658,1,4
stored_cross_common_labels__matched__halves,global_rms_radius_raw_DiD,M1,2,-0.926395603970462,0.533163044952829,0.332460737447215,0.5,-7.70087441090342,5.8480832029625,0,2
stored_cross_common_labels__matched__halves,global_rms_radius_raw_DiD,M2,3,-0.84915219416177,1.54090613495249,0.63692352505705,0.75,-7.47913618200278,5.78083179367924,1,2
stored_cross_common_labels__matched__halves,global_signal_dimension_DiD,pooled,5,-0.170900749686973,0.163311750009478,0.354411022427688,0.375,-0.624326858622075,0.282525359248129,2,3
stored_cross_common_labels__matched__halves,global_signal_dimension_DiD,M1,2,0.16463054577697,0.0829042037604782,0.296986524898046,0.5,-0.88876724069321,1.21802833224715,2,0
stored_cross_common_labels__matched__halves,global_signal_dimension_DiD,M2,3,-0.394588279996269,0.155133010511308,0.126007794905902,0.25,-1.062071751147,0.272895191154461,0,3
stored_cross_common_labels__matched__halves,global_signal_radius_DiD,pooled,5,-0.00339418483811773,0.213386068572368,0.988070896696789,1,-0.59584889044327,0.589060520767035,2,3
stored_cross_common_labels__matched__halves,global_signal_radius_DiD,M1,2,0.237650880532009,0.531097623961263,0.732142887453447,1,-6.51058426441572,6.98588602547974,1,1
stored_cross_common_labels__matched__halves,global_signal_radius_DiD,M2,3,-0.164090895084869,0.15961786017959,0.412013701046862,0.5,-0.85087111690335,0.522689326733613,1,2
stored_cross_common_labels__matched__halves,var_between_sdi,pooled,5,-0.58851306038576,0.211784057357987,0.0498778757809528,0.125,-1.17651986979627,-0.000506250975247813,1,4
stored_cross_common_labels__matched__halves,var_between_sdi,M1,2,-0.370690648880325,0.59303664414533,0.644351634138513,1,-7.90593566544486,7.16455436768421,1,1
stored_cross_common_labels__matched__halves,var_between_sdi,M2,3,-0.733728001389384,0.0769301341497283,0.0108151502602797,0.25,-1.0647316530887,-0.402724349690063,0,3
stored_cross_common_labels__matched__halves,var_between_svm,pooled,5,-2.00925496461211,1.9634258400484,0.363996494856364,0.5,-7.46059902763336,3.44208909840913,2,3
stored_cross_common_labels__matched__halves,var_between_svm,M1,2,-3.24703383036719,5.87554112554112,0.678593254792237,1,-77.902862307307,71.4087946465726,1,1
stored_cross_common_labels__matched__halves,var_between_svm,M2,3,-1.18406905410873,0.70117343905836,0.233336465745762,0.5,-4.200974865701,1.83283675748354,1,2
stored_cross_common_labels__matched__halves,var_noise_variance_DiD,pooled,5,-31.6038414947769,28.8680532076073,0.335115651360634,0.1875,-111.754406519628,48.5467235300737,1,4
stored_cross_common_labels__matched__halves,var_noise_variance_DiD,M1,2,-74.5589094026862,72.3096632142478,0.490251129701788,0.5,-993.340294606759,844.222475801387,0,2
stored_cross_common_labels__matched__halves,var_noise_variance_DiD,M2,3,-2.96712955617072,3.14789881557668,0.445395295491238,0.75,-16.5114449879868,10.5771858756454,1,2
stored_cross_common_labels__matched__halves,var_rms_radius_DiD,pooled,5,-0.177677623486665,0.158502594096814,0.325047898835751,0.375,-0.617751375027916,0.262396128054587,2,3
stored_cross_common_labels__matched__halves,var_rms_radius_DiD,M1,2,-0.317953445519416,0.396181659585435,0.569460036253511,1,-5.35191872492943,4.7160118338906,1,1
stored_cross_common_labels__matched__halves,var_rms_radius_DiD,M2,3,-0.0841604087981637,0.143149462160727,0.616127912186259,0.75,-0.700082832926182,0.531762015329855,1,2
stored_cross_common_labels__matched__halves,var_rms_radius_raw_DiD,pooled,5,-1.1332291382147,0.972128734913335,0.308498232101018,0.375,-3.83229120588695,1.56583292945756,2,3
stored_cross_common_labels__matched__halves,var_rms_radius_raw_DiD,M1,2,-1.77799583603182,2.37432809230252,0.590806675337392,1,-31.9466946876787,28.3907030156151,1,1
stored_cross_common_labels__matched__halves,var_rms_radius_raw_DiD,M2,3,-0.703384673003283,1.01980968674254,0.56164761125831,0.75,-5.09127160549103,3.68450225948446,1,2
stored_cross_common_labels__matched__halves,var_signal_dimension_DiD,pooled,5,-0.179150565039834,0.0979245175007001,0.141313471184054,0.1875,-0.451032612333508,0.0927314822538408,1,4
stored_cross_common_labels__matched__halves,var_signal_dimension_DiD,M1,2,-0.274998670603104,0.122241728345999,0.266288726647863,0.5,-1.82822709827121,1.278229757065,0,2
stored_cross_common_labels__matched__halves,var_signal_dimension_DiD,M2,3,-0.115251827997653,0.147916236312973,0.517438469686606,0.5,-0.751684025943932,0.521180369948626,1,2
stored_cross_common_labels__matched__halves,var_signal_distance_DiD,pooled,5,0.273703416514239,6.45696614958828,0.968220252209277,1,-17.653708643938,18.2011154769665,2,3
stored_cross_common_labels__matched__halves,var_signal_distance_DiD,M1,2,2.57456654622679,19.1600248331937,0.914965617218409,1,-240.876631734524,246.025764826978,1,1
stored_cross_common_labels__matched__halves,var_signal_distance_DiD,M2,3,-1.26020533662746,3.69658769338112,0.765652728609907,0.75,-17.165338466312,14.6449277930571,1,2
stored_cross_common_labels__matched__halves,var_signal_radius_DiD,pooled,5,-0.0777794465781192,0.308684887080435,0.813480846171285,0.875,-0.934826090361126,0.779267197204887,3,2
stored_cross_common_labels__matched__halves,var_signal_radius_DiD,M1,2,-0.129313555453483,0.897065558896944,0.908857997377984,1,-11.527612208569,11.2689850976621,1,1
stored_cross_common_labels__matched__halves,var_signal_radius_DiD,M2,3,-0.0434233739945433,0.218868837584591,0.861071146420788,1,-0.985139975484975,0.898293227495888,2,1
stored_cross_common_labels__matched__halves,var_within_sdi_DiD,pooled,5,5.50766724133484,5.34842028078193,0.361307518907219,0.5,-9.34192806778275,20.3572625504524,3,2
stored_cross_common_labels__matched__halves,var_within_sdi_DiD,M1,2,14.7944177274944,11.3105112733652,0.415537219629953,0.5,-128.919254182696,158.508089637685,2,0
stored_cross_common_labels__matched__halves,var_within_sdi_DiD,M2,3,-0.683499749438189,2.19003592666355,0.784500566094546,0.75,-10.1064638075465,8.73946430867012,1,2
stored_cross_common_labels__matched__halves,var_within_svm_DiD,pooled,5,2.53928038836466,2.75894054824448,0.409456698836552,0.4375,-5.12076659234045,10.1993273690698,3,2
stored_cross_common_labels__matched__halves,var_within_svm_DiD,M1,2,6.06750720622013,5.80201288709194,0.48576262961528,0.5,-67.6540564190941,79.7890708315344,2,0
stored_cross_common_labels__matched__halves,var_within_svm_DiD,M2,3,0.187129176461004,2.68991130471932,0.950868080336301,1,-11.3866250415735,11.7608833944955,1,2
stored_cross_common_labels__matched__first_last,global_RSA_Hyper_net,pooled,2,0.113310506846654,0.12707826724019,0.536421267677027,1,-1.50137197422552,1.72799298791883,1,1
stored_cross_common_labels__matched__first_last,global_RSA_Hyper_net,M1,1,0.240388774086844,NaN,NaN,1,NaN,NaN,1,0
stored_cross_common_labels__matched__first_last,global_RSA_Hyper_net,M2,1,-0.0137677603935356,NaN,NaN,1,NaN,NaN,0,1
stored_cross_common_labels__matched__first_last,global_RSA_Polar_net,pooled,5,0.114980784355678,0.0657403230129941,0.155194734675527,0.125,-0.0675436136878714,0.297505182399227,4,1
stored_cross_common_labels__matched__first_last,global_RSA_Polar_net,M1,2,0.0238772501436902,0.0546945912311273,0.737955971146319,1,-0.671083424000398,0.718837924287779,1,1
stored_cross_common_labels__matched__first_last,global_RSA_Polar_net,M2,3,0.175716473830336,0.0937964329078846,0.20188070097418,0.25,-0.227857004261535,0.579289951922208,3,0
stored_cross_common_labels__matched__first_last,global_between_sdi,pooled,5,-0.346146134266554,0.385404688917924,0.419887555116119,0.4375,-1.416201096333,0.723908827799895,1,4
stored_cross_common_labels__matched__first_last,global_between_sdi,M1,2,-0.23817909807122,0.208980414817346,0.458488846846431,0.5,-2.89352703459113,2.41716883844869,0,2
stored_cross_common_labels__matched__first_last,global_between_sdi,M2,3,-0.418124158396777,0.688541161631036,0.605438881893257,0.75,-3.38067766703342,2.54442935023987,1,2
stored_cross_common_labels__matched__first_last,global_between_svm,pooled,5,-0.611333587592165,2.00326221422498,0.775457911254803,0.75,-6.17328115670479,4.95061398152046,3,2
stored_cross_common_labels__matched__first_last,global_between_svm,M1,2,-2.17444142512078,4.31333031400967,0.70273729650781,1,-56.9804994896763,52.6316166394348,1,1
stored_cross_common_labels__matched__first_last,global_between_svm,M2,3,0.43073830409358,2.4120254102279,0.874720084934183,1,-9.94736941144854,10.8088460196357,2,1
stored_cross_common_labels__matched__first_last,global_orthogonality_Hyper_minus_Grating,pooled,2,-13.1046924591064,14.3596363067627,0.52906922447129,1,-195.561171309841,169.351786391628,1,1
stored_cross_common_labels__matched__first_last,global_orthogonality_Hyper_minus_Grating,M1,1,-27.4643287658691,NaN,NaN,1,NaN,NaN,0,1
stored_cross_common_labels__matched__first_last,global_orthogonality_Hyper_minus_Grating,M2,1,1.25494384765625,NaN,NaN,1,NaN,NaN,1,0
stored_cross_common_labels__matched__first_last,global_orthogonality_Polar_minus_Grating,pooled,5,2.09238967895508,7.08320790081533,0.78238648785351,0.6875,-17.573748226362,21.7585275842722,4,1
stored_cross_common_labels__matched__first_last,global_orthogonality_Polar_minus_Grating,M1,2,-9.12494087219238,13.5895938873291,0.623555659296891,1,-181.797103086064,163.547221341679,1,1
stored_cross_common_labels__matched__first_last,global_orthogonality_Polar_minus_Grating,M2,3,9.57061004638672,5.98127927090532,0.250712011479148,0.25,-16.1647575359679,35.3059776287413,3,0
stored_cross_common_labels__matched__first_last,global_rms_radius_DiD,pooled,5,-0.387713631095828,0.237397691262235,0.177768323610861,0.1875,-1.04683528898612,0.271408026794462,1,4
stored_cross_common_labels__matched__first_last,global_rms_radius_DiD,M1,2,-0.56408393880129,0.408967918896406,0.399362023633986,0.5,-5.76051404682631,4.63234616922373,0,2
stored_cross_common_labels__matched__first_last,global_rms_radius_DiD,M2,3,-0.270133425958853,0.33885972372047,0.508948864115514,0.5,-1.72812914122688,1.18786228930917,1,2
stored_cross_common_labels__matched__first_last,global_rms_radius_raw_DiD,pooled,5,-2.66576224132096,1.59027771643606,0.168989498795418,0.1875,-7.08108102302499,1.74955654038307,1,4
stored_cross_common_labels__matched__first_last,global_rms_radius_raw_DiD,M1,2,-3.50826190791003,2.04870325898673,0.336482736622825,0.5,-29.5395049602638,22.5229811444437,0,2
stored_cross_common_labels__matched__first_last,global_rms_radius_raw_DiD,M2,3,-2.10409579692825,2.57614942826241,0.499879033502395,0.5,-13.188372166684,8.98018057282753,1,2
stored_cross_common_labels__matched__first_last,global_signal_dimension_DiD,pooled,5,-0.0730474639100263,0.242834924162943,0.778546036054063,0.8125,-0.747265300473306,0.601170372653254,3,2
stored_cross_common_labels__matched__first_last,global_signal_dimension_DiD,M1,2,0.30218164991191,0.0546469003744612,0.113896144403151,0.5,-0.392173054443336,0.996536354267155,2,0
stored_cross_common_labels__matched__first_last,global_signal_dimension_DiD,M2,3,-0.323200206457984,0.342559114336827,0.445023589828305,0.5,-1.79711311485989,1.15071270194392,1,2
stored_cross_common_labels__matched__first_last,global_signal_radius_DiD,pooled,5,-0.426304766703941,0.164515611241123,0.0606025872337348,0.125,-0.88307333026298,0.0304637968550974,1,4
stored_cross_common_labels__matched__first_last,global_signal_radius_DiD,M1,2,-0.385376131361745,0.09192938793249,0.149076217388516,0.5,-1.55344975570319,0.782697492979701,0,2
stored_cross_common_labels__matched__first_last,global_signal_radius_DiD,M2,3,-0.453590523598739,0.294058344023655,0.262902511574249,0.5,-1.71882146021772,0.811640413020247,1,2
stored_cross_common_labels__matched__first_last,var_between_sdi,pooled,5,-0.704535558180835,0.375136952378548,0.133577978621103,0.1875,-1.74608271339107,0.337011597029401,1,4
stored_cross_common_labels__matched__first_last,var_between_sdi,M1,2,-0.86826862820062,1.09061462346563,0.57195253548913,1,-14.7258413222209,12.9893040658197,1,1
stored_cross_common_labels__matched__first_last,var_between_sdi,M2,3,-0.595380178167646,0.240247240556294,0.131470240404602,0.25,-1.62908062356196,0.438320267226667,0,3
stored_cross_common_labels__matched__first_last,var_between_svm,pooled,5,-3.9381979278805,3.63400045910257,0.339448708931739,0.5,-14.0278007148424,6.15140485908138,1,3
stored_cross_common_labels__matched__first_last,var_between_svm,M1,2,-7.70580808080817,10.3343153759821,0.592109501596695,1,-139.015735056235,123.604118894619,1,1
stored_cross_common_labels__matched__first_last,var_between_svm,M2,3,-1.42645782592872,0.731066641568848,0.190309298245407,0.5,-4.57198370690369,1.71906805504626,0,2
stored_cross_common_labels__matched__first_last,var_noise_variance_DiD,pooled,5,-30.1140865076884,29.2695440848102,0.361691245523155,0.5,-111.379368913331,51.1511958979538,3,2
stored_cross_common_labels__matched__first_last,var_noise_variance_DiD,M1,2,-72.5048580045511,74.363714612383,0.508057010883416,1,-1017.38544081195,872.375724802853,1,1
stored_cross_common_labels__matched__first_last,var_noise_variance_DiD,M2,3,-1.85357217644657,3.74777911461375,0.669885012969675,1,-17.9789642144375,14.2718198615443,2,1
stored_cross_common_labels__matched__first_last,var_rms_radius_DiD,pooled,5,-0.0892613524909635,0.197350674082067,0.67449786129095,0.6875,-0.637194665553602,0.458671960571675,2,3
stored_cross_common_labels__matched__first_last,var_rms_radius_DiD,M1,2,-0.190543340733412,0.52359176437144,0.777808351738028,1,-6.84340749701186,6.46232081554504,1,1
stored_cross_common_labels__matched__first_last,var_rms_radius_DiD,M2,3,-0.0217400269959978,0.180949177626965,0.91535001774191,1,-0.800301500058577,0.756821446066582,1,2
stored_cross_common_labels__matched__first_last,var_rms_radius_raw_DiD,pooled,5,-0.613234747383133,1.20797934625941,0.63840834181523,0.75,-3.96712309048511,2.74065359571884,2,3
stored_cross_common_labels__matched__first_last,var_rms_radius_raw_DiD,M1,2,-1.03949802414683,3.11282590418751,0.794819530920389,1,-40.5917012708214,38.5127052225278,1,1
stored_cross_common_labels__matched__first_last,var_rms_radius_raw_DiD,M2,3,-0.329059229540668,1.23822748738988,0.815318624696008,1,-5.65672210820953,4.9986036491282,1,2
stored_cross_common_labels__matched__first_last,var_signal_dimension_DiD,pooled,5,-0.111114235315446,0.178218673792236,0.566764716767985,0.5625,-0.605928599820743,0.38370012918985,1,4
stored_cross_common_labels__matched__first_last,var_signal_dimension_DiD,M1,2,-0.196575431147904,0.043818488890798,0.139625728438854,0.5,-0.753342122224179,0.360191259928372,0,2
stored_cross_common_labels__matched__first_last,var_signal_dimension_DiD,M2,3,-0.0541401047604744,0.318080809225217,0.880506658456815,1,-1.42273136685427,1.31445115733332,1,2
stored_cross_common_labels__matched__first_last,var_signal_distance_DiD,pooled,5,2.7713503133331,7.00243099290826,0.712476548383858,0.8125,-16.6705149414124,22.2132155680786,3,2
stored_cross_common_labels__matched__first_last,var_signal_distance_DiD,M1,2,2.30015142557497,18.8856097125419,0.922843625042008,1,-237.664272149472,242.264575000622,1,1
stored_cross_common_labels__matched__first_last,var_signal_distance_DiD,M2,3,3.08548290517186,6.66593570751716,0.688936867147828,0.75,-25.5957235631113,31.766689373455,2,1
stored_cross_common_labels__matched__first_last,var_signal_radius_DiD,pooled,5,-0.0881035689622324,0.348894899833456,0.813083274746714,0.75,-1.05679110583331,0.88058396790884,3,2
stored_cross_common_labels__matched__first_last,var_signal_radius_DiD,M1,2,-0.181200417478991,0.845178696871436,0.865548494819913,1,-10.9202139785808,10.5578131436228,1,1
stored_cross_common_labels__matched__first_last,var_signal_radius_DiD,M2,3,-0.0260390032843933,0.403527959782943,0.954418973022354,1,-1.7622796809747,1.71020167440591,2,1
stored_cross_common_labels__matched__first_last,var_within_sdi_DiD,pooled,5,4.23262320205796,4.72645822462664,0.421130413623401,0.6875,-8.89012860062853,17.3553750047445,3,2
stored_cross_common_labels__matched__first_last,var_within_sdi_DiD,M1,2,12.9489418378322,9.46503538370299,0.40183283215323,0.5,-107.315735582636,133.2136192583,2,0
stored_cross_common_labels__matched__first_last,var_within_sdi_DiD,M2,3,-1.57825588845816,1.54741660081334,0.415054947869726,0.5,-8.23625215000731,5.07974037309099,1,2
stored_cross_common_labels__matched__first_last,var_within_svm_DiD,pooled,5,3.89744401092044,4.45427836110025,0.43097405718163,0.5625,-8.46961534194481,16.2645033637857,3,2
stored_cross_common_labels__matched__first_last,var_within_svm_DiD,M1,2,10.312417541139,10.0469232220108,0.491698682425231,0.5,-117.345845886358,137.970680968636,2,0
stored_cross_common_labels__matched__first_last,var_within_svm_DiD,M2,3,-0.37920500922528,3.10262336832367,0.913897815153108,1,-13.7287159143276,12.970305895877,1,2
stored_cross_common_labels__matched__calendar_thirds,global_RSA_Hyper_net,pooled,2,0.0339623752283338,0.0477301356218694,0.606291658945538,1,-0.572506500068524,0.640431250525192,1,1
stored_cross_common_labels__matched__calendar_thirds,global_RSA_Hyper_net,M1,1,0.0816925108502033,NaN,NaN,1,NaN,NaN,1,0
stored_cross_common_labels__matched__calendar_thirds,global_RSA_Hyper_net,M2,1,-0.0137677603935356,NaN,NaN,1,NaN,NaN,0,1
stored_cross_common_labels__matched__calendar_thirds,global_RSA_Polar_net,pooled,5,0.107308361882067,0.0262219558309138,0.0149468230560231,0.0625,0.0345045409666142,0.180112182797521,5,0
stored_cross_common_labels__matched__calendar_thirds,global_RSA_Polar_net,M1,2,0.0938521277046986,0.050628268628833,0.314939097521675,0.5,-0.549441018931304,0.737145274340701,2,0
stored_cross_common_labels__matched__calendar_thirds,global_RSA_Polar_net,M2,3,0.11627918466698,0.0365645746647262,0.086277363647386,0.25,-0.041045482326332,0.273603851660292,3,0
stored_cross_common_labels__matched__calendar_thirds,global_between_sdi,pooled,5,-0.150038403124719,0.282860673548759,0.623893302328679,0.625,-0.935385535652122,0.635308729402683,2,3
stored_cross_common_labels__matched__calendar_thirds,global_between_sdi,M1,2,-0.186380614477161,0.340127482594499,0.680871739357247,1,-4.50811004472256,4.13534881576823,1,1
stored_cross_common_labels__matched__calendar_thirds,global_between_sdi,M2,3,-0.125810262223092,0.47686952843351,0.816611166505752,1,-2.17761424047187,1.92599371602569,1,2
stored_cross_common_labels__matched__calendar_thirds,global_between_svm,pooled,5,-0.578728813139574,1.75344258059695,0.757922090113337,0.8125,-5.44706588328336,4.28960825700421,3,2
stored_cross_common_labels__matched__calendar_thirds,global_between_svm,M1,2,-0.796467848777645,4.33119007099986,0.884224664832166,1,-55.8294556421889,54.2365199446336,1,1
stored_cross_common_labels__matched__calendar_thirds,global_between_svm,M2,3,-0.433569456047527,1.9922670718982,0.847905365522902,1,-9.00560281134027,8.13846389924521,2,1
stored_cross_common_labels__matched__calendar_thirds,global_orthogonality_Hyper_minus_Grating,pooled,2,-5.28624280293782,6.54118665059407,0.567296450726604,1,-88.3998996029189,77.8274139970433,1,1
stored_cross_common_labels__matched__calendar_thirds,global_orthogonality_Hyper_minus_Grating,M1,1,-11.8274294535319,NaN,NaN,1,NaN,NaN,0,1
stored_cross_common_labels__matched__calendar_thirds,global_orthogonality_Hyper_minus_Grating,M2,1,1.25494384765625,NaN,NaN,1,NaN,NaN,1,0
stored_cross_common_labels__matched__calendar_thirds,global_orthogonality_Polar_minus_Grating,pooled,5,3.22137629191081,3.44605041702534,0.402811755262351,0.4375,-6.34639352070401,12.7891461045256,4,1
stored_cross_common_labels__matched__calendar_thirds,global_orthogonality_Polar_minus_Grating,M1,2,-2.40991910298665,5.30876859029134,0.728714382313547,1,-69.8642197082019,65.0443815022286,1,1
stored_cross_common_labels__matched__calendar_thirds,global_orthogonality_Polar_minus_Grating,M2,3,6.97557322184245,3.54575479100881,0.188026626174656,0.25,-8.28057830871383,22.2317247523987,3,0
stored_cross_common_labels__matched__calendar_thirds,global_rms_radius_DiD,pooled,5,-0.308150968942886,0.277474320096616,0.329017120944223,0.3125,-1.07854318679322,0.462241248907449,1,4
stored_cross_common_labels__matched__calendar_thirds,global_rms_radius_DiD,M1,2,-0.63370004747052,0.5971185771279,0.481084431798204,0.5,-8.22081094023094,6.9534108452899,0,2
stored_cross_common_labels__matched__calendar_thirds,global_rms_radius_DiD,M2,3,-0.0911182499244632,0.280910652321195,0.776442617002304,0.75,-1.29977923494996,1.11754273510103,1,2
stored_cross_common_labels__matched__calendar_thirds,global_rms_radius_raw_DiD,pooled,5,-1.88139555668956,1.66102585576532,0.320645072816432,0.3125,-6.49314266353617,2.73035155015704,1,4
stored_cross_common_labels__matched__calendar_thirds,global_rms_radius_raw_DiD,M1,2,-3.7850107751907,3.18705884989851,0.445534280549922,0.5,-44.2804330282386,36.7104114778572,0,2
stored_cross_common_labels__matched__calendar_thirds,global_rms_radius_raw_DiD,M2,3,-0.612318744355472,1.94877226213306,0.78311048340995,0.75,-8.99720903768231,7.77257154897136,1,2
stored_cross_common_labels__matched__calendar_thirds,global_signal_dimension_DiD,pooled,5,-0.0748616751227562,0.20927385147751,0.738629304901084,0.75,-0.65589903570338,0.506175685457868,2,3
stored_cross_common_labels__matched__calendar_thirds,global_signal_dimension_DiD,M1,2,0.183042535955934,0.292461015401594,0.643986568148229,1,-3.53302700308626,3.89911207499813,1,1
stored_cross_common_labels__matched__calendar_thirds,global_signal_dimension_DiD,M2,3,-0.246797815841883,0.283763027173719,0.476144257529868,0.5,-1.46773157931285,0.974135947629088,1,2
stored_cross_common_labels__matched__calendar_thirds,global_signal_radius_DiD,pooled,5,-0.333622725749757,0.17840576091073,0.134827654276244,0.125,-0.828956527369442,0.161711075869927,1,4
stored_cross_common_labels__matched__calendar_thirds,global_signal_radius_DiD,M1,2,-0.510050852513351,0.411659348074555,0.432297956335899,0.5,-5.74067881070885,4.72057710568215,0,2
stored_cross_common_labels__matched__calendar_thirds,global_signal_radius_DiD,M2,3,-0.216003974574028,0.179763359771191,0.352501673054553,0.5,-0.989463285202478,0.557455336054422,1,2
stored_cross_common_labels__matched__calendar_thirds,var_between_sdi,pooled,3,-0.691026169347061,0.286881999444632,0.137644202621206,0.25,-1.92537978737349,0.543327448679367,0,3
stored_cross_common_labels__matched__calendar_thirds,var_between_sdi,M1,1,-0.95349685928805,NaN,NaN,1,NaN,NaN,0,1
stored_cross_common_labels__matched__calendar_thirds,var_between_sdi,M2,2,-0.559790824376567,0.441854837596551,0.425386502106968,0.5,-6.17408885454757,5.05450720579444,0,2
stored_cross_common_labels__matched__calendar_thirds,var_between_svm,pooled,3,-3.43718418437335,2.72061132305022,0.33378002874208,0.5,-15.1430299200827,8.26866155133598,0,2
stored_cross_common_labels__matched__calendar_thirds,var_between_svm,M1,1,-8.80878894767787,NaN,NaN,1,NaN,NaN,0,1
stored_cross_common_labels__matched__calendar_thirds,var_between_svm,M2,2,-0.751381802721092,0.751381802721092,0.5,1,-10.2985928231313,8.79582921768912,0,1
stored_cross_common_labels__matched__calendar_thirds,var_noise_variance_DiD,pooled,3,1.06387993084703,2.19687143459128,0.676036518113145,0.75,-8.38849494410575,10.5162548057998,2,1
stored_cross_common_labels__matched__calendar_thirds,var_noise_variance_DiD,M1,1,-3.32831153448292,NaN,NaN,1,NaN,NaN,0,1
stored_cross_common_labels__matched__calendar_thirds,var_noise_variance_DiD,M2,2,3.25997566351201,0.101108354162748,0.0197384756306495,0.5,1.97527221498247,4.54467911204154,2,0
stored_cross_common_labels__matched__calendar_thirds,var_rms_radius_DiD,pooled,3,-0.00884716534337985,0.152542009070211,0.959023508395457,1,-0.665182457070789,0.64748812638403,1,2
stored_cross_common_labels__matched__calendar_thirds,var_rms_radius_DiD,M1,1,-0.0602489442826091,NaN,NaN,1,NaN,NaN,0,1
stored_cross_common_labels__matched__calendar_thirds,var_rms_radius_DiD,M2,2,0.0168537241262348,0.26043345874703,0.958859074321175,1,-3.29226712286363,3.3259745711161,1,1
stored_cross_common_labels__matched__calendar_thirds,var_rms_radius_raw_DiD,pooled,3,-0.172098400288569,1.08416384366938,0.888455494424215,0.75,-4.83687892174828,4.49268212117115,1,2
stored_cross_common_labels__matched__calendar_thirds,var_rms_radius_raw_DiD,M1,1,-0.272913257521623,NaN,NaN,1,NaN,NaN,0,1
stored_cross_common_labels__matched__calendar_thirds,var_rms_radius_raw_DiD,M2,2,-0.121690971672042,1.87579609584322,0.958757527423423,1,-23.9559402087732,23.7125582654291,1,1
stored_cross_common_labels__matched__calendar_thirds,var_signal_dimension_DiD,pooled,3,-0.0502734262991555,0.261055659031623,0.86507243467313,0.75,-1.17350527024811,1.0729584176498,1,2
stored_cross_common_labels__matched__calendar_thirds,var_signal_dimension_DiD,M1,1,-0.114069649955186,NaN,NaN,1,NaN,NaN,0,1
stored_cross_common_labels__matched__calendar_thirds,var_signal_dimension_DiD,M2,2,-0.01837531447114,0.448773553947565,0.973947757111508,1,-5.72058397110964,5.68383334216736,1,1
stored_cross_common_labels__matched__calendar_thirds,var_signal_distance_DiD,pooled,3,11.6122221111216,7.78843188710394,0.274467125066461,0.5,-21.8986956083939,45.1231398306372,2,1
stored_cross_common_labels__matched__calendar_thirds,var_signal_distance_DiD,M1,1,22.6623625666705,NaN,NaN,1,NaN,NaN,1,0
stored_cross_common_labels__matched__calendar_thirds,var_signal_distance_DiD,M2,2,6.08715188334722,9.50788150508065,0.637463857665973,1,-114.721937127496,126.896240894191,1,1
stored_cross_common_labels__matched__calendar_thirds,var_signal_radius_DiD,pooled,3,0.0907251693584269,0.427847253893322,0.851715396315364,1,-1.75015298552149,1.93160332423834,2,1
stored_cross_common_labels__matched__calendar_thirds,var_signal_radius_DiD,M1,1,0.64659209134379,NaN,NaN,1,NaN,NaN,1,0
stored_cross_common_labels__matched__calendar_thirds,var_signal_radius_DiD,M2,2,-0.187208291634255,0.563399318222927,0.795768940642162,1,-7.34587537719601,6.9714587939275,1,1
stored_cross_common_labels__matched__calendar_thirds,var_within_sdi_DiD,pooled,3,9.46147588069945,9.72951172893698,0.433400188473832,0.75,-32.4012343189406,51.3241860803395,2,1
stored_cross_common_labels__matched__calendar_thirds,var_within_sdi_DiD,M1,1,28.9144583703239,NaN,NaN,1,NaN,NaN,1,0
stored_cross_common_labels__matched__calendar_thirds,var_within_sdi_DiD,M2,2,-0.265015364112796,0.419880511978062,0.641568542236307,1,-5.6001031140359,5.07007238581031,1,1
stored_cross_common_labels__matched__calendar_thirds,var_within_svm_DiD,pooled,3,6.41607007604956,4.09753442225375,0.257875993955695,0.5,-11.2141975911029,24.046337743202,2,1
stored_cross_common_labels__matched__calendar_thirds,var_within_svm_DiD,M1,1,13.8034934222553,NaN,NaN,1,NaN,NaN,1,0
stored_cross_common_labels__matched__calendar_thirds,var_within_svm_DiD,M2,2,2.72235840294669,3.07227069976163,0.538396058353038,1,-36.3145421131753,41.7592589190687,1,1
canonical__matched__thirds,global_RSA_Hyper_net,pooled,2,0.298453358593288,0.355302906279418,0.555220478803252,1,-4.21609811195088,4.81300482913746,1,1
canonical__matched__thirds,global_RSA_Hyper_net,M1,1,0.653756264872706,NaN,NaN,1,NaN,NaN,1,0
canonical__matched__thirds,global_RSA_Hyper_net,M2,1,-0.0568495476861293,NaN,NaN,1,NaN,NaN,0,1
canonical__matched__thirds,global_RSA_Polar_net,pooled,5,0.114480618355583,0.0292297547993176,0.0172975291445051,0.0625,0.0333258087168856,0.19563542799428,5,0
canonical__matched__thirds,global_RSA_Polar_net,M1,2,0.0565702290815263,0.0169239724522429,0.185060805087239,0.5,-0.158469229846053,0.271609688009106,2,0
canonical__matched__thirds,global_RSA_Polar_net,M2,3,0.153087544538287,0.0298217454381313,0.0359158534811337,0.25,0.0247749301230179,0.281400158953556,3,0
canonical__matched__thirds,global_between_sdi,pooled,5,0.0249155897454638,0.292016532749534,0.936104969948496,0.9375,-0.785852283243811,0.835683462734738,2,3
canonical__matched__thirds,global_between_sdi,M1,2,0.0986412979640943,0.254774457808306,0.764833760721765,1,-3.13857512449614,3.33585772042433,1,1
canonical__matched__thirds,global_between_sdi,M2,3,-0.0242348824002899,0.509498902916227,0.966384687509765,1,-2.21643172783715,2.16796196303657,1,2
canonical__matched__thirds,global_between_svm,pooled,5,-0.233658106688011,1.77137269651776,0.901426040246948,0.8125,-5.15177715941575,4.68446094603973,3,2
canonical__matched__thirds,global_between_svm,M1,2,-0.948170564339073,3.8301150087835,0.845506545240618,1,-49.6143960290378,47.7180549003596,1,1
canonical__matched__thirds,global_between_svm,M2,3,0.242683531746029,2.29905424267456,0.925566289657068,1,-9.64934848133974,10.1347155448318,2,1
canonical__matched__thirds,global_orthogonality_Hyper_minus_Grating,pooled,2,2.15930493672689,2.16421063741048,0.500722343809959,1,-25.3395985144178,29.6582083878716,1,1
canonical__matched__thirds,global_orthogonality_Hyper_minus_Grating,M1,1,4.32351557413737,NaN,NaN,1,NaN,NaN,1,0
canonical__matched__thirds,global_orthogonality_Hyper_minus_Grating,M2,1,-0.00490570068359375,NaN,NaN,1,NaN,NaN,0,1
canonical__matched__thirds,global_orthogonality_Polar_minus_Grating,pooled,5,6.74655049641927,4.24191963583736,0.186941327376957,0.1875,-5.03090651314378,18.5240075059823,4,1
canonical__matched__thirds,global_orthogonality_Polar_minus_Grating,M1,2,6.38017972310384,4.60085233052571,0.397733245759401,0.5,-52.0791919494624,64.8395513956701,2,0
canonical__matched__thirds,global_orthogonality_Polar_minus_Grating,M2,3,6.99079767862956,7.26973789598946,0.437704082737829,0.5,-24.2883599241126,38.2699552813717,2,1
canonical__matched__thirds,global_rms_radius_DiD,pooled,5,-0.227654770499891,0.216069688868886,0.351494163965582,0.3125,-0.827560400541521,0.372250859541738,1,4
canonical__matched__thirds,global_rms_radius_DiD,M1,2,-0.389554723626992,0.246391681691573,0.359035294248443,0.5,-3.52025787649051,2.74114842923653,0,2
canonical__matched__thirds,global_rms_radius_DiD,M2,3,-0.119721468415158,0.347594712417226,0.763369225775019,0.75,-1.61530080664362,1.3758578698133,1,2
canonical__matched__thirds,global_rms_radius_raw_DiD,pooled,5,-1.21126283897714,1.23022217094229,0.380568513821569,0.3125,-4.62690716379566,2.20438148584139,1,4
canonical__matched__thirds,global_rms_radius_raw_DiD,M1,2,-1.99004667632635,1.23249906453309,0.353013859180291,0.5,-17.6504321274276,13.6703387747749,0,2
canonical__matched__thirds,global_rms_radius_raw_DiD,M2,3,-0.692073614077659,2.04976189775876,0.767781628186255,0.75,-9.5114872388058,8.12734001065049,1,2
canonical__matched__thirds,global_signal_dimension_DiD,pooled,5,-0.18441320106463,0.3370416331348,0.613367952227201,0.625,-1.12019079362962,0.751364391500355,2,3
canonical__matched__thirds,global_signal_dimension_DiD,M1,2,0.104788331862783,0.591250906340445,0.888330455169792,1,-7.40776673454775,7.61734339827332,1,1
canonical__matched__thirds,global_signal_dimension_DiD,M2,3,-0.377214223016239,0.464398217290358,0.501947449915195,0.5,-2.37535848033138,1.6209300342989,1,2
canonical__matched__thirds,global_signal_radius_DiD,pooled,5,-0.256326675797756,0.125362667363478,0.110354977527044,0.125,-0.604389239973624,0.0917358883781122,1,4
canonical__matched__thirds,global_signal_radius_DiD,M1,2,-0.278137311787134,0.15150796568169,0.317535266592601,0.5,-2.20322854290002,1.64695391932575,0,2
canonical__matched__thirds,global_signal_radius_DiD,M2,3,-0.241786251804837,0.210879491876881,0.37023065349002,0.5,-1.14912747317708,0.665554969567404,1,2
canonical__matched__thirds,var_between_sdi,pooled,5,-0.37806802886596,0.257846686898207,0.21646395861838,0.3125,-1.09396520059595,0.337829142864034,2,3
canonical__matched__thirds,var_between_sdi,M1,2,-0.505879113630931,0.61648575050436,0.562535585453482,1,-8.33907327647364,7.32731504921178,1,1
canonical__matched__thirds,var_between_sdi,M2,3,-0.292860639022647,0.293012136582674,0.422848789166743,0.5,-1.55359010833981,0.967868830294519,1,2
canonical__matched__thirds,var_between_svm,pooled,5,-2.58731012887761,2.17926065672181,0.30081869312866,0.3125,-8.637907712183,3.46328745442778,1,4
canonical__matched__thirds,var_between_svm,M1,2,-4.4766113516114,6.24428811928813,0.604030766977103,1,-83.8178146269497,74.8645919237269,1,1
canonical__matched__thirds,var_between_svm,M2,3,-1.32777598038842,0.922232339784588,0.286596908986069,0.25,-5.29582147462581,2.64026951384897,0,3
canonical__matched__thirds,var_noise_variance_DiD,pooled,5,12.0558951605534,14.0593177368949,0.439507007247888,0.6875,-26.979028752469,51.0908190735758,3,2
canonical__matched__thirds,var_noise_variance_DiD,M1,2,32.6997625763378,34.9925605894687,0.521554626593182,1,-411.92287651645,477.322401669125,1,1
canonical__matched__thirds,var_noise_variance_DiD,M2,3,-1.70668311663616,3.73643111930345,0.692649646664838,1,-17.783248671628,14.3698824383557,2,1
canonical__matched__thirds,var_rms_radius_DiD,pooled,5,0.00533167220946993,0.113341142706065,0.964735561459202,1,-0.309353788674309,0.320017133093249,2,3
canonical__matched__thirds,var_rms_radius_DiD,M1,2,0.115882825767333,0.130858278168361,0.538591011216922,1,-1.54682924806316,1.77859489959783,1,1
canonical__matched__thirds,var_rms_radius_DiD,M2,3,-0.0683690968291053,0.174135000067656,0.732492687612524,0.75,-0.817611530215129,0.680873336556919,1,2
canonical__matched__thirds,var_rms_radius_raw_DiD,pooled,5,0.0229410965021785,0.761399664153809,0.97740665012776,1,-2.09104327413691,2.13692546714127,2,3
canonical__matched__thirds,var_rms_radius_raw_DiD,M1,2,0.728899589478438,0.754015475751366,0.510781292580631,1,-8.85177541966259,10.3095745986195,1,1
canonical__matched__thirds,var_rms_radius_raw_DiD,M2,3,-0.447697898815328,1.21080223521257,0.747047892471853,0.75,-5.65735944133944,4.76196364370878,1,2
canonical__matched__thirds,var_signal_dimension_DiD,pooled,5,0.118377835885566,0.367028833946717,0.763205580735104,0.875,-0.900657573592251,1.13741324536338,2,3
canonical__matched__thirds,var_signal_dimension_DiD,M1,2,0.676634491401627,0.810230011618655,0.557047417730796,1,-9.6183139196182,10.9715829024215,1,1
canonical__matched__thirds,var_signal_dimension_DiD,M2,3,-0.253793267791808,0.238894320225963,0.3993828629169,0.5,-1.28167256683369,0.774086031250075,1,2
canonical__matched__thirds,var_signal_distance_DiD,pooled,5,12.5090063550577,7.99999479021943,0.192947262311869,0.1875,-9.70254002185485,34.7205527319703,4,1
canonical__matched__thirds,var_signal_distance_DiD,M1,2,28.6343771866015,10.0569130527184,0.215024452852479,0.5,-99.1508190751461,156.419573448349,2,0
canonical__matched__thirds,var_signal_distance_DiD,M2,3,1.75875913402857,5.92954070342644,0.794731445018353,0.75,-23.7539953597297,27.2715136277869,2,1
canonical__matched__thirds,var_signal_radius_DiD,pooled,5,0.150550429983718,0.244883020023296,0.57194716498397,0.625,-0.529353832306017,0.830454692273452,3,2
canonical__matched__thirds,var_signal_radius_DiD,M1,2,0.532332090224411,0.011077784108093,0.0132460897635736,0.5,0.391575497323839,0.673088683124983,2,0
canonical__matched__thirds,var_signal_radius_DiD,M2,3,-0.103970676843412,0.344782777426433,0.791457271618743,0.75,-1.58745123530785,1.37950988162103,1,2
canonical__matched__thirds,var_within_sdi_DiD,pooled,5,3.97658531879106,5.39660822454763,0.502086098926411,0.8125,-11.0068011709244,18.9599718085065,3,2
canonical__matched__thirds,var_within_sdi_DiD,M1,2,12.9986101948764,12.0003739785775,0.474592588780129,0.5,-139.480598487593,165.477818877346,2,0
canonical__matched__thirds,var_within_sdi_DiD,M2,3,-2.03809793193246,1.96326877870621,0.408256596765906,0.5,-10.4853617018646,6.4091658379997,1,2
canonical__matched__thirds,var_within_svm_DiD,pooled,5,2.91987723973239,3.50936612579855,0.452183245595445,0.5,-6.82368516258795,12.6634396420527,3,2
canonical__matched__thirds,var_within_svm_DiD,M1,2,1.3871864369594,10.3240367835014,0.914970021341817,1,-129.792138638007,132.566511511926,1,1
canonical__matched__thirds,var_within_svm_DiD,M2,3,3.94167110824772,2.05390160267607,0.194970133392857,0.5,-4.89555422914328,12.7788964456387,2,1
canonical__matched__thirds,var_within_svm_loo_DiD,pooled,5,0.761667219935269,4.94408919324737,0.885025660435634,0.875,-12.9653250203177,14.4886594601882,3,2
canonical__matched__thirds,var_within_svm_loo_DiD,M1,2,-2.35812160587385,14.7855761203482,0.899314776815012,1,-190.226678933313,185.510435721565,1,1
canonical__matched__thirds,var_within_svm_loo_DiD,M2,3,2.84152643714135,1.78933082785206,0.253203656828312,0.5,-4.85734273374116,10.5403956080239,2,1
canonical__matched__halves,global_RSA_Hyper_net,pooled,2,0.333016995893834,0.306505018465606,0.47362344098002,0.5,-3.56149852139516,4.22753251318283,2,0
canonical__matched__halves,global_RSA_Hyper_net,M1,1,0.63952201435944,NaN,NaN,1,NaN,NaN,1,0
canonical__matched__halves,global_RSA_Hyper_net,M2,1,0.0265119774282279,NaN,NaN,1,NaN,NaN,1,0
canonical__matched__halves,global_RSA_Polar_net,pooled,5,0.101645788695555,0.0253439781930885,0.0159879825342331,0.0625,0.0312796244951149,0.172011952895995,5,0
canonical__matched__halves,global_RSA_Polar_net,M1,2,0.0883960826787116,0.0487498260494282,0.320849229245004,0.5,-0.531029187958226,0.707821353315649,2,0
canonical__matched__halves,global_RSA_Polar_net,M2,3,0.110478926040117,0.035374357869853,0.0890418033846481,0.25,-0.0417246514117401,0.262682503491975,3,0
canonical__matched__halves,global_between_sdi,pooled,5,-0.0132575620251635,0.201189982917835,0.950622855697718,1,-0.571850505312215,0.545335381261888,2,3
canonical__matched__halves,global_between_sdi,M1,2,0.0334198574204816,0.319995898351919,0.933752619098706,1,-4.03251354177514,4.09935325661611,1,1
canonical__matched__halves,global_between_sdi,M2,3,-0.0443758416555936,0.315565848820757,0.901052431559805,1,-1.40214610249993,1.31339441918874,1,2
canonical__matched__halves,global_between_svm,pooled,5,-0.407140961896403,1.19976294768992,0.751413718767952,0.875,-3.73821692540776,2.92393500161495,3,2
canonical__matched__halves,global_between_svm,M1,2,-0.417860671936765,3.29980511638119,0.919810425966637,1,-42.345860070153,41.5101387262795,1,1
canonical__matched__halves,global_between_svm,M2,3,-0.399994488536161,1.08095728871758,0.746865948351284,1,-5.05097831757943,4.25098934050711,2,1
canonical__matched__halves,global_orthogonality_Hyper_minus_Grating,pooled,2,-6.14140319824218,3.58656692504882,0.336498234359793,0.5,-51.7130568479051,39.4302504514207,0,2
canonical__matched__halves,global_orthogonality_Hyper_minus_Grating,M1,1,-9.72797012329101,NaN,NaN,1,NaN,NaN,0,1
canonical__matched__halves,global_orthogonality_Hyper_minus_Grating,M2,1,-2.55483627319336,NaN,NaN,1,NaN,NaN,0,1
canonical__matched__halves,global_orthogonality_Polar_minus_Grating,pooled,5,2.26802831013998,3.8170724817757,0.584367154786055,0.6875,-8.32986389807135,12.8659205183513,3,2
canonical__matched__halves,global_orthogonality_Polar_minus_Grating,M1,2,-0.610867691040038,2.39019508361816,0.840707368905715,1,-30.9811757828906,29.7594404008105,1,1
canonical__matched__halves,global_orthogonality_Polar_minus_Grating,M2,3,4.18729231092665,6.48521362102171,0.584681906132224,0.75,-23.7163297785708,32.0909144004241,2,1
canonical__matched__halves,global_rms_radius_DiD,pooled,5,-0.164837460263669,0.148307101572503,0.328671148602638,0.4375,-0.576603986490717,0.246929065963379,1,4
canonical__matched__halves,global_rms_radius_DiD,M1,2,-0.149876666919051,0.00671362498363237,0.0284979061537664,0.5,-0.235181360482981,-0.0645719733551202,0,2
canonical__matched__halves,global_rms_radius_DiD,M2,3,-0.174811322493415,0.270512999551333,0.584387125632485,0.75,-1.33873481844567,0.989112173458844,1,2
canonical__matched__halves,global_rms_radius_raw_DiD,pooled,5,-0.897344678329064,0.857891965332,0.354608251394472,0.4375,-3.27923462626361,1.48454526960548,1,4
canonical__matched__halves,global_rms_radius_raw_DiD,M1,2,-0.717101173468912,0.040446438324345,0.0358690663466206,0.5,-1.2310218996671,-0.203180447270721,0,2
canonical__matched__halves,global_rms_radius_raw_DiD,M2,3,-1.0175070149025,1.56034228357097,0.581264203464288,0.75,-7.73111800065265,5.69610397084766,1,2
canonical__matched__halves,global_signal_dimension_DiD,pooled,5,-0.29228954232481,0.220589037870822,0.255780255080596,0.25,-0.904742896781544,0.320163812131924,2,3
canonical__matched__halves,global_signal_dimension_DiD,M1,2,-0.0704693336013011,0.415993240876361,0.893170659268731,1,-5.35616462104118,5.21522595383857,1,1
canonical__matched__halves,global_signal_dimension_DiD,M2,3,-0.440169681473816,0.277811597731686,0.25395817525381,0.5,-1.63549651081011,0.75515714786248,1,2
canonical__matched__halves,global_signal_radius_DiD,pooled,5,-0.0573302008459269,0.236998494640491,0.820752450194969,0.8125,-0.715343511229764,0.60068310953791,1,4
canonical__matched__halves,global_signal_radius_DiD,M1,2,0.178999243643969,0.608644521112793,0.817907330341125,1,-7.55456265316618,7.91256114045412,1,1
canonical__matched__halves,global_signal_radius_DiD,M2,3,-0.214883163839191,0.180876293806135,0.356784942211649,0.25,-0.993131043131124,0.563364715452742,0,3
canonical__matched__halves,var_between_sdi,pooled,5,-0.499352311853654,0.206561130187974,0.0729636011874938,0.125,-1.07285795068818,0.0741533269808697,1,4
canonical__matched__halves,var_between_sdi,M1,2,-0.397809319516734,0.508415956390163,0.577318321289316,1,-6.85784655254821,6.06222791351474,1,1
canonical__matched__halves,var_between_sdi,M2,3,-0.567047640078268,0.224353333565096,0.127321389038793,0.25,-1.53236212317052,0.398266843013983,0,3
canonical__matched__halves,var_between_svm,pooled,5,-2.2524329653298,1.88147310297075,0.297338831069223,0.3125,-7.47623975263424,2.97137382197463,1,4
canonical__matched__halves,var_between_svm,M1,2,-3.66201699535036,5.42969376302709,0.622251047618646,1,-72.6528176031033,65.3287836124026,1,1
canonical__matched__halves,var_between_svm,M2,3,-1.31271027864943,0.932074886527695,0.294357574454705,0.25,-5.32310483349874,2.69768427619987,0,3
canonical__matched__halves,var_noise_variance_DiD,pooled,5,10.808233541743,14.3149433066349,0.492249211298267,0.9375,-28.9364207331475,50.5528878166335,2,3
canonical__matched__halves,var_noise_variance_DiD,M1,2,32.5979672949313,35.0943558708752,0.523466921637029,1,-413.318103484583,478.514038074446,1,1
canonical__matched__halves,var_noise_variance_DiD,M2,3,-3.71825562704924,2.95755396336792,0.335598483734258,0.5,-16.4435832609156,9.00707200681708,1,2
canonical__matched__halves,var_rms_radius_DiD,pooled,5,-0.00447238677228032,0.103169335969045,0.967500251143228,1,-0.290916384630043,0.281971611085482,3,2
canonical__matched__halves,var_rms_radius_DiD,M1,2,0.153108412139721,0.0936326917959729,0.349418495407457,0.5,-1.03660773981906,1.3428245640985,2,0
canonical__matched__halves,var_rms_radius_DiD,M2,3,-0.109526252713615,0.136974276855673,0.507815052653148,0.5,-0.698878998932135,0.479826493504906,1,2
canonical__matched__halves,var_rms_radius_raw_DiD,pooled,5,-0.0467818019297269,0.677723898668718,0.948280463943046,0.9375,-1.92844500306405,1.8348813992046,3,2
canonical__matched__halves,var_rms_radius_raw_DiD,M1,2,0.94146363635722,0.541451428872584,0.332265835500498,0.5,-5.93832907359216,7.8212563463066,2,0
canonical__matched__halves,var_rms_radius_raw_DiD,M2,3,-0.705612094121025,0.943788836071721,0.532631698828254,0.5,-4.76640770595208,3.35518351771003,1,2
canonical__matched__halves,var_signal_dimension_DiD,pooled,5,0.0862922027995316,0.367984942460831,0.826111739049434,0.9375,-0.935397789482334,1.1079821950814,2,3
canonical__matched__halves,var_signal_dimension_DiD,M1,2,0.570528943278071,0.916335559742211,0.645475297757907,1,-11.0726182858437,12.2136761723998,1,1
canonical__matched__halves,var_signal_dimension_DiD,M2,3,-0.236532290852828,0.203018570044553,0.364152706853895,0.5,-1.11005069544486,0.636986113739201,1,2
canonical__matched__halves,var_signal_distance_DiD,pooled,5,10.4081387716853,8.96805848639709,0.310359166610171,0.4375,-14.4911833159994,35.30746085937,3,2
canonical__matched__halves,var_signal_distance_DiD,M1,2,30.8730833561458,7.81820688317404,0.157896294517583,0.5,-68.4666539712338,130.212820683525,2,0
canonical__matched__halves,var_signal_distance_DiD,M2,3,-3.23515761795506,3.87784776552998,0.491905227183548,0.5,-19.9201898918655,13.4498746559554,1,2
canonical__matched__halves,var_signal_radius_DiD,pooled,5,0.255352524586627,0.185201203405251,0.240045794002605,0.375,-0.258848450084623,0.769553499257877,3,2
canonical__matched__halves,var_signal_radius_DiD,M1,2,0.653837714114939,0.110427839782435,0.106514703222222,0.5,-0.749281026734171,2.05695645496405,2,0
canonical__matched__halves,var_signal_radius_DiD,M2,3,-0.0103042684322478,0.148492206124869,0.950990946424619,0.75,-0.649214664461935,0.62860612759744,1,2
canonical__matched__halves,var_within_sdi_DiD,pooled,5,4.98455901269539,6.03145067226303,0.455006349154774,0.8125,-11.7614326835512,21.730550708942,3,2
canonical__matched__halves,var_within_sdi_DiD,M1,2,14.9224109430003,13.9241747267014,0.477978557613399,0.5,-162.001003916738,191.845825802738,2,0
canonical__matched__halves,var_within_sdi_DiD,M2,3,-1.64067560750785,1.32913864989528,0.342415143416392,0.5,-7.35949764769528,4.07814643267957,1,2
canonical__matched__halves,var_within_svm_DiD,pooled,5,2.84187365332621,4.052967403208,0.521835591028471,0.5,-8.41096785483687,14.0947151614893,3,2
canonical__matched__halves,var_within_svm_DiD,M1,2,2.56882360562479,11.5056739521668,0.86015806180539,1,-143.624625258278,148.762272469528,1,1
canonical__matched__halves,var_within_svm_DiD,M2,3,3.02390701846048,3.25374932826295,0.45081367743157,0.5,-10.9758464107106,17.0236604476315,2,1
canonical__matched__halves,var_within_svm_loo_DiD,pooled,5,0.819014615509209,5.29061044004515,0.884472056250047,0.8125,-13.8700748442625,15.5081040752809,3,2
canonical__matched__halves,var_within_svm_loo_DiD,M1,2,-1.65885929903844,15.4848384271836,0.932059330578958,1,-198.412386661418,195.094668063342,1,1
canonical__matched__halves,var_within_svm_loo_DiD,M2,3,2.47093055854097,3.1565946105736,0.515724179987559,0.5,-11.110799859356,16.0526609764379,2,1
canonical__matched__first_last,global_RSA_Hyper_net,pooled,2,0.295653854995952,0.352503402682082,0.555695072540542,1,-4.18332654968081,4.77463425967271,1,1
canonical__matched__first_last,global_RSA_Hyper_net,M1,1,0.648157257678034,NaN,NaN,1,NaN,NaN,1,0
canonical__matched__first_last,global_RSA_Hyper_net,M2,1,-0.0568495476861293,NaN,NaN,1,NaN,NaN,0,1
canonical__matched__first_last,global_RSA_Polar_net,pooled,5,0.114196365181975,0.0836218979138567,0.243807446637118,0.25,-0.117975243968302,0.346367974332252,4,1
canonical__matched__first_last,global_RSA_Polar_net,M1,2,-0.0414084282057533,0.0810546848350366,0.69932069034506,1,-1.07130584854584,0.988488992134336,1,1
canonical__matched__first_last,global_RSA_Polar_net,M2,3,0.217932894107127,0.0875625553495929,0.130554830069951,0.25,-0.158818373691637,0.594684161905892,3,0
canonical__matched__first_last,global_between_sdi,pooled,5,0.0802638758462515,0.34533346166275,0.827616222230805,0.8125,-0.878535523448301,1.0390632751408,3,2
canonical__matched__first_last,global_between_sdi,M1,2,0.381617341349185,0.0282015855767848,0.0469609439259044,0.5,0.0232822211258065,0.739952461572563,2,0
canonical__matched__first_last,global_between_sdi,M2,3,-0.120638434489038,0.588897316853859,0.856642004841256,0.75,-2.65445908239243,2.41318221341435,1,2
canonical__matched__first_last,global_between_svm,pooled,5,0.590036231884051,1.72996710407954,0.750214799203013,0.8125,-4.2131224663908,5.3931949301589,3,2
canonical__matched__first_last,global_between_svm,M1,2,-0.163798309178766,3.04574275362319,0.965795901469222,1,-38.8636293104356,38.536032692078,1,1
canonical__matched__first_last,global_between_svm,M2,3,1.0925925925926,2.5628240954003,0.711373120453072,1,-9.93434949734919,12.1195346825344,2,1
canonical__matched__first_last,global_orthogonality_Hyper_minus_Grating,pooled,2,-5.45555686950684,5.45065116882324,0.499713643290969,0.5,-74.7126465660449,63.8015328270312,0,2
canonical__matched__first_last,global_orthogonality_Hyper_minus_Grating,M1,1,-10.9062080383301,NaN,NaN,1,NaN,NaN,0,1
canonical__matched__first_last,global_orthogonality_Hyper_minus_Grating,M2,1,-0.00490570068359375,NaN,NaN,1,NaN,NaN,0,1
canonical__matched__first_last,global_orthogonality_Polar_minus_Grating,pooled,5,9.37672958374023,7.40583078237286,0.274183347132106,0.25,-11.185153041902,29.9386122093825,4,1
canonical__matched__first_last,global_orthogonality_Polar_minus_Grating,M1,2,3.6587085723877,1.87938117980957,0.302092874443862,0.5,-20.2210934755863,27.5385106203616,2,0
canonical__matched__first_last,global_orthogonality_Polar_minus_Grating,M2,3,13.1887435913086,12.7859073680788,0.410712642823877,0.5,-41.8245756482795,68.2020628308967,2,1
canonical__matched__first_last,global_rms_radius_DiD,pooled,5,-0.342764395092224,0.247688133823579,0.238611490317872,0.3125,-1.03045690186228,0.344928111677829,1,4
canonical__matched__first_last,global_rms_radius_DiD,M1,2,-0.560151079580238,0.41698803764482,0.407386208213479,0.5,-5.85848645843104,4.73818429927056,0,2
canonical__matched__first_last,global_rms_radius_DiD,M2,3,-0.197839938766882,0.346820546861875,0.625923639972678,0.75,-1.69008831145533,1.29440843392157,1,2
canonical__matched__first_last,global_rms_radius_raw_DiD,pooled,5,-2.00142749549453,1.42840412662091,0.233778887229772,0.25,-5.96731314109549,1.96445815010644,1,4
canonical__matched__first_last,global_rms_radius_raw_DiD,M1,2,-2.96404090638732,2.20649329459406,0.407386208213478,0.5,-31.0001964564961,25.0721146437215,0,2
canonical__matched__first_last,global_rms_radius_raw_DiD,M2,3,-1.359685221566,2.1595058487485,0.593274410831723,0.75,-10.6512889565937,7.93191851346166,1,2
canonical__matched__first_last,global_signal_dimension_DiD,pooled,5,-0.119435531758072,0.41429408772748,0.787448622808568,0.8125,-1.26970032374142,1.03082926022527,2,3
canonical__matched__first_last,global_signal_dimension_DiD,M1,2,0.333499859724934,0.819962434202596,0.754079523065426,1,-10.0851107052254,10.7521104246753,1,1
canonical__matched__first_last,global_signal_dimension_DiD,M2,3,-0.42139245941341,0.483783722221532,0.475575294998914,0.5,-2.50294581243824,1.66016089361142,1,2
canonical__matched__first_last,global_signal_radius_DiD,pooled,5,-0.507751353787179,0.159386067657578,0.0333539140113603,0.125,-0.950278021171785,-0.0652246864025725,1,4
canonical__matched__first_last,global_signal_radius_DiD,M1,2,-0.694985586593447,0.265340309124623,0.232183144639442,0.5,-4.06645387909079,2.6764827059039,0,2
canonical__matched__first_last,global_signal_radius_DiD,M2,3,-0.382928531916333,0.204292227591471,0.201720818052918,0.5,-1.26192704262937,0.496069978796706,1,2
canonical__matched__first_last,var_between_sdi,pooled,5,-0.334656854572864,0.469493024392579,0.515342187809485,0.625,-1.63817846407215,0.968864754926421,2,3
canonical__matched__first_last,var_between_sdi,M1,2,-0.837885281718273,0.948491918591702,0.539367159575805,1,-12.8896177899516,11.213847226515,1,1
canonical__matched__first_last,var_between_sdi,M2,3,0.000828763524075201,0.542382193072706,0.998919536862943,1,-2.3328534600677,2.33451098711585,1,2
canonical__matched__first_last,var_between_svm,pooled,5,-3.8844800995595,3.60242552566209,0.341587761805408,0.3125,-13.8864168171236,6.1174566180046,1,4
canonical__matched__first_last,var_between_svm,M1,2,-8.08992704826046,9.85760381593719,0.562499974216617,1,-133.342659341655,117.162805245134,1,1
canonical__matched__first_last,var_between_svm,M2,3,-1.08084880042553,1.02079004646312,0.400661193969262,0.25,-5.47295388034116,3.3112562794901,0,3
canonical__matched__first_last,var_noise_variance_DiD,pooled,5,11.8119168899306,14.1031857883831,0.44941666526486,0.75,-27.3448042599209,50.968638039782,3,2
canonical__matched__first_last,var_noise_variance_DiD,M1,2,34.3688701465446,33.323453019262,0.490169043124908,0.5,-389.045746432497,457.783486725586,2,0
canonical__matched__first_last,var_noise_variance_DiD,M2,3,-3.22605194781212,3.18951784867828,0.418266105456583,0.5,-16.9494396260123,10.4973357303881,1,2
canonical__matched__first_last,var_rms_radius_DiD,pooled,5,0.038669517657913,0.116923067226513,0.757450011932353,0.8125,-0.28596096002785,0.363299995343676,3,2
canonical__matched__first_last,var_rms_radius_DiD,M1,2,0.26176602320345,0.0150249192677565,0.0365008297983181,0.5,0.0708563228428403,0.452675723564061,2,0
canonical__matched__first_last,var_rms_radius_DiD,M2,3,-0.110061486039112,0.133580026351043,0.496594574852617,0.5,-0.684809951058434,0.46468697898021,1,2
canonical__matched__first_last,var_rms_radius_raw_DiD,pooled,5,0.264092258201224,0.786587842756702,0.753935553251391,0.8125,-1.91982570762871,2.44801022403116,3,2
canonical__matched__first_last,var_rms_radius_raw_DiD,M1,2,1.48364139945615,0.000726334226349934,0.000311664727790707,0.5,1.47441244806926,1.49287035084305,2,0
canonical__matched__first_last,var_rms_radius_raw_DiD,M2,3,-0.548940502635396,1.11181088064157,0.670386699498656,0.75,-5.332676623193,4.23479561792221,1,2
canonical__matched__first_last,var_signal_dimension_DiD,pooled,5,0.114272165603322,0.36560395617456,0.770233830153676,0.9375,-0.900807148958483,1.12935148016513,2,3
canonical__matched__first_last,var_signal_dimension_DiD,M1,2,0.700385965218235,0.786478537802047,0.536820507701795,1,-9.29277135670188,10.6935432871383,1,1
canonical__matched__first_last,var_signal_dimension_DiD,M2,3,-0.276470367473288,0.220276387333376,0.33621896922058,0.5,-1.22424316673259,0.671302431786011,1,2
canonical__matched__first_last,var_signal_distance_DiD,pooled,5,12.2707916192258,8.92910026920032,0.241336474112246,0.3125,-12.5203651170158,37.0619483554673,3,2
canonical__matched__first_last,var_signal_distance_DiD,M1,2,31.5695237544252,7.12176648489467,0.141250565936667,0.5,-58.9210992858736,122.060146794724,2,0
canonical__matched__first_last,var_signal_distance_DiD,M2,3,-0.595029804240511,6.47646135200384,0.935170692090526,1,-28.4609939195567,27.2709343110757,1,2
canonical__matched__first_last,var_signal_radius_DiD,pooled,5,0.196225803861315,0.261579245671209,0.494874073423078,0.625,-0.530034612403845,0.922486220126475,3,2
canonical__matched__first_last,var_signal_radius_DiD,M1,2,0.598464402543343,0.0550545282108383,0.0584001835336401,0.5,-0.101069704557075,1.29799850964376,2,0
canonical__matched__first_last,var_signal_radius_DiD,M2,3,-0.0719332619267038,0.370380974793313,0.863946750728467,0.75,-1.66555397416842,1.52168745031501,1,2
canonical__matched__first_last,var_within_sdi_DiD,pooled,5,3.61966555099706,6.44842254628578,0.604533232158895,0.9375,-14.2840256638852,21.5233567658793,2,3
canonical__matched__first_last,var_within_sdi_DiD,M1,2,15.0541304047952,14.0558941884964,0.478177689737708,0.5,-163.542938904248,193.651199713838,2,0
canonical__matched__first_last,var_within_sdi_DiD,M2,3,-4.0033110182017,0.337504450186806,0.00703266743999435,0.25,-5.45547546210055,-2.55114657430284,0,3
canonical__matched__first_last,var_within_svm_DiD,pooled,5,4.59967331204042,6.33905848515746,0.508256969329103,0.6875,-13.0003745906375,22.1997212147184,3,2
canonical__matched__first_last,var_within_svm_DiD,M1,2,8.87581885486469,17.8126692014067,0.705705861768359,1,-217.455602915962,235.207240625691,1,1
canonical__matched__first_last,var_within_svm_DiD,M2,3,1.74890961682424,4.24537943068172,0.720327198341863,1,-16.5174837794207,20.0153030130692,2,1
canonical__matched__first_last,var_within_svm_loo_DiD,pooled,5,2.12665843694582,6.9238170468777,0.774054954964323,0.75,-17.0969395121428,21.3502563860345,3,2
canonical__matched__first_last,var_within_svm_loo_DiD,M1,2,3.76606011388299,20.909757840105,0.886554578010249,1,-261.917603986325,269.449724214091,1,1
canonical__matched__first_last,var_within_svm_loo_DiD,M2,3,1.03372398565438,3.54471699029865,0.79803999815607,1,-14.2179622488434,16.2854102201521,2,1
canonical__matched__calendar_thirds,global_RSA_Hyper_net,pooled,2,0.173139356695887,0.229988904382016,0.589188626572942,1,-2.74914674943052,3.09542546282229,1,1
canonical__matched__calendar_thirds,global_RSA_Hyper_net,M1,1,0.403128261077904,NaN,NaN,1,NaN,NaN,1,0
canonical__matched__calendar_thirds,global_RSA_Hyper_net,M2,1,-0.0568495476861293,NaN,NaN,1,NaN,NaN,0,1
canonical__matched__calendar_thirds,global_RSA_Polar_net,pooled,5,0.119394270427055,0.0263623781335445,0.0105856961825057,0.0625,0.0462005746968024,0.192587966157308,5,0
canonical__matched__calendar_thirds,global_RSA_Polar_net,M1,2,0.0688010092866877,0.003372347840365,0.0311795779290006,0.5,0.0259512671854134,0.111650751387962,2,0
canonical__matched__calendar_thirds,global_RSA_Polar_net,M2,3,0.1531231111873,0.0298454181700812,0.0359540382225873,0.25,0.0247086412272861,0.281537581147314,3,0
canonical__matched__calendar_thirds,global_between_sdi,pooled,5,0.0846867626927825,0.251094585111259,0.7528680456477,0.75,-0.612463569081042,0.781837094466607,2,3
canonical__matched__calendar_thirds,global_between_sdi,M1,2,0.101385277580655,0.244287556825197,0.749559568625614,1,-3.00258243394021,3.20535298910152,1,1
canonical__matched__calendar_thirds,global_between_sdi,M2,3,0.0735544194342011,0.436021315344111,0.88155463864796,1,-1.80249388326009,1.94960272212849,1,2
canonical__matched__calendar_thirds,global_between_svm,pooled,5,-0.0941739797038849,1.64416923680132,0.957071176120142,0.875,-4.6591196093377,4.47077164992993,3,2
canonical__matched__calendar_thirds,global_between_svm,M1,2,-0.218425193968692,3.38509186063535,0.958978575026256,1,-43.23009542596,42.7932450380226,1,1
canonical__matched__calendar_thirds,global_between_svm,M2,3,-0.0113398368606804,2.27657251736183,0.996477851795311,1,-9.80664079316017,9.78396111943881,2,1
canonical__matched__calendar_thirds,global_orthogonality_Hyper_minus_Grating,pooled,2,-0.336160659790039,0.331254959106445,0.495320742094145,0.5,-4.54515399006971,3.87283267048963,0,2
canonical__matched__calendar_thirds,global_orthogonality_Hyper_minus_Grating,M1,1,-0.667415618896484,NaN,NaN,1,NaN,NaN,0,1
canonical__matched__calendar_thirds,global_orthogonality_Hyper_minus_Grating,M2,1,-0.00490570068359375,NaN,NaN,1,NaN,NaN,0,1
canonical__matched__calendar_thirds,global_orthogonality_Polar_minus_Grating,pooled,5,5.75957438151042,3.93473464452849,0.21709799479868,0.1875,-5.1650003625429,16.6841491255637,4,1
canonical__matched__calendar_thirds,global_orthogonality_Polar_minus_Grating,M1,2,4.56866645812988,2.93629646301269,0.363655377558683,0.5,-32.740517567015,41.8778504832748,2,0
canonical__matched__calendar_thirds,global_orthogonality_Polar_minus_Grating,M2,3,6.55351299709744,6.92425112292239,0.443816162473805,0.5,-23.2391349984153,36.3461609926102,2,1
canonical__matched__calendar_thirds,global_rms_radius_DiD,pooled,5,-0.385926836608096,0.360903926005008,0.34515586847109,0.4375,-1.38795677541137,0.616103102195175,2,3
canonical__matched__calendar_thirds,global_rms_radius_DiD,M1,2,-0.819912054989154,0.786540798450837,0.486777236209324,0.5,-10.8138604734598,9.17403636348151,0,2
canonical__matched__calendar_thirds,global_rms_radius_DiD,M2,3,-0.0966033576873899,0.35117171842997,0.809061661062984,1,-1.60757331060091,1.41436659522613,2,1
canonical__matched__calendar_thirds,global_rms_radius_raw_DiD,pooled,5,-2.08523493330217,1.99265057084536,0.354413678399388,0.3125,-7.61771985709536,3.44724999049102,1,4
canonical__matched__calendar_thirds,global_rms_radius_raw_DiD,M1,2,-4.41656409396557,4.23998000248932,0.487015449358929,0.5,-58.2906180828814,49.4574898949502,0,2
canonical__matched__calendar_thirds,global_rms_radius_raw_DiD,M2,3,-0.5310154928599,2.05512690560798,0.820268918363727,0.75,-9.37351288325563,8.31148189753583,1,2
canonical__matched__calendar_thirds,global_signal_dimension_DiD,pooled,5,-0.0674166817593373,0.445906145470172,0.88714405567693,0.875,-1.30545061672761,1.17061725320894,2,3
canonical__matched__calendar_thirds,global_signal_dimension_DiD,M1,2,0.340663314408748,1.04957741278666,0.800200302608145,1,-12.9954821789231,13.6768088077406,1,1
canonical__matched__calendar_thirds,global_signal_dimension_DiD,M2,3,-0.339470012538061,0.450614896482011,0.529848543651744,0.5,-2.27830942695216,1.59936940187604,1,2
canonical__matched__calendar_thirds,global_signal_radius_DiD,pooled,5,-0.506085390343989,0.27763215035016,0.142402725782022,0.125,-1.27691581522923,0.264745034541249,1,4
canonical__matched__calendar_thirds,global_signal_radius_DiD,M1,2,-0.922677448110658,0.584063020960022,0.359268597557658,0.5,-8.34390177125739,6.49854687503608,0,2
canonical__matched__calendar_thirds,global_signal_radius_DiD,M2,3,-0.228357351832877,0.216347143090664,0.401868146476458,0.5,-1.15922397762542,0.702509273959665,1,2
canonical__matched__calendar_thirds,var_between_sdi,pooled,3,-0.342274263133011,0.265002318464754,0.32563063293284,0.25,-1.48248721206532,0.797938685799298,0,3
canonical__matched__calendar_thirds,var_between_sdi,M1,1,-0.867243833609915,NaN,NaN,1,NaN,NaN,0,1
canonical__matched__calendar_thirds,var_between_sdi,M2,2,-0.0797894778945585,0.0631181347162242,0.426067268968626,0.5,-0.881781420164359,0.722202464375242,0,2
canonical__matched__calendar_thirds,var_between_svm,pooled,3,-3.20593365947203,2.78630056651873,0.368892994911965,0.25,-15.1944173979063,8.78255007896226,0,3
canonical__matched__calendar_thirds,var_between_svm,M1,1,-8.76249265138156,NaN,NaN,1,NaN,NaN,0,1
canonical__matched__calendar_thirds,var_between_svm,M2,2,-0.427654163517261,0.36592576845554,0.450580217999437,0.5,-5.07718189575541,4.22187356872089,0,2
canonical__matched__calendar_thirds,var_noise_variance_DiD,pooled,3,-0.413405091308626,1.61191248797328,0.821559789405259,1,-7.34890475780412,6.52209457518687,2,1
canonical__matched__calendar_thirds,var_noise_variance_DiD,M1,1,-3.56593586711801,NaN,NaN,1,NaN,NaN,0,1
canonical__matched__calendar_thirds,var_noise_variance_DiD,M2,2,1.16286029659607,0.583907430449119,0.296251281276506,0.5,-6.25638706166412,8.58210765485626,2,0
canonical__matched__calendar_thirds,var_rms_radius_DiD,pooled,3,-0.0783951345043021,0.130993980624345,0.610281293158661,0.75,-0.642016742818389,0.485226473809785,1,2
canonical__matched__calendar_thirds,var_rms_radius_DiD,M1,1,-0.0883776848660212,NaN,NaN,1,NaN,NaN,0,1
canonical__matched__calendar_thirds,var_rms_radius_DiD,M2,2,-0.0734038593234425,0.226723466795215,0.800668344109922,1,-2.95419864691875,2.80739092827186,1,1
canonical__matched__calendar_thirds,var_rms_radius_raw_DiD,pooled,3,-0.456460252063773,0.956677015887911,0.680321257030335,0.75,-4.57270922596246,3.65978872183491,1,2
canonical__matched__calendar_thirds,var_rms_radius_raw_DiD,M1,1,-0.56739333070071,NaN,NaN,1,NaN,NaN,0,1
canonical__matched__calendar_thirds,var_rms_radius_raw_DiD,M2,2,-0.400993712745304,1.65422583924708,0.848600117014657,1,-21.4199259060891,20.6179384805985,1,1
canonical__matched__calendar_thirds,var_signal_dimension_DiD,pooled,3,-0.192398564436192,0.249282223323137,0.520946494463927,0.75,-1.2649734030955,0.880176274223119,1,2
canonical__matched__calendar_thirds,var_signal_dimension_DiD,M1,1,-0.0369189762277413,NaN,NaN,1,NaN,NaN,0,1
canonical__matched__calendar_thirds,var_signal_dimension_DiD,M2,2,-0.270138358540418,0.410237070280926,0.629281825141562,1,-5.48269456389835,4.94241784681751,1,1
canonical__matched__calendar_thirds,var_signal_distance_DiD,pooled,3,9.91340944214903,9.34358562554756,0.39988221582061,0.5,-30.288794755261,50.115613639559,2,1
canonical__matched__calendar_thirds,var_signal_distance_DiD,M1,1,24.7814048928889,NaN,NaN,1,NaN,NaN,1,0
canonical__matched__calendar_thirds,var_signal_distance_DiD,M2,2,2.47941171677908,9.80381611840001,0.842303706193678,1,-122.089883079421,127.048706512979,1,1
canonical__matched__calendar_thirds,var_signal_radius_DiD,pooled,3,0.0697551615174975,0.418568512849876,0.882969207087131,1,-1.73119979288319,1.87071011591819,2,1
canonical__matched__calendar_thirds,var_signal_radius_DiD,M1,1,0.641362417024658,NaN,NaN,1,NaN,NaN,1,0
canonical__matched__calendar_thirds,var_signal_radius_DiD,M2,2,-0.216048466236083,0.529667498471209,0.753441356770543,1,-6.94611214390877,6.5140152114366,1,1
canonical__matched__calendar_thirds,var_within_sdi_DiD,pooled,3,8.48100595300228,12.5259441039269,0.568174878675448,1,-45.4137816384481,62.3757935444527,1,2
canonical__matched__calendar_thirds,var_within_sdi_DiD,M1,1,33.5258880493879,NaN,NaN,1,NaN,NaN,1,0
canonical__matched__calendar_thirds,var_within_sdi_DiD,M2,2,-4.04143509519052,0.513066923231179,0.0803899080398579,0.5,-10.5605684651251,2.47769827474407,0,2
canonical__matched__calendar_thirds,var_within_svm_DiD,pooled,3,6.08444788317342,6.41624077198201,0.443073867079608,0.5,-21.5224079891248,33.6913037554716,2,1
canonical__matched__calendar_thirds,var_within_svm_DiD,M1,1,17.1556641804558,NaN,NaN,1,NaN,NaN,1,0
canonical__matched__calendar_thirds,var_within_svm_DiD,M2,2,0.548839734532212,5.6192138423648,0.938016691352264,1,-70.8500418029019,71.9477212719663,1,1
canonical__matched__calendar_thirds,var_within_svm_loo_DiD,pooled,3,5.86388486567611,6.73089095397593,0.475507560058273,0.75,-23.0968014710944,34.8245712024466,2,1
canonical__matched__calendar_thirds,var_within_svm_loo_DiD,M1,1,17.6680888240128,NaN,NaN,1,NaN,NaN,1,0
canonical__matched__calendar_thirds,var_within_svm_loo_DiD,M2,2,-0.0382171134922413,5.60448532743519,0.995658942511726,1,-71.2499551247709,71.1735208977864,1,1
canonical__all__thirds,global_RSA_Hyper_net,pooled,2,0.494669767065931,0.470778116477891,0.484248975304354,0.5,-5.48713336621285,6.47647290034471,2,0
canonical__all__thirds,global_RSA_Hyper_net,M1,1,0.965447883543822,NaN,NaN,1,NaN,NaN,1,0
canonical__all__thirds,global_RSA_Hyper_net,M2,1,0.0238916505880397,NaN,NaN,1,NaN,NaN,1,0
canonical__all__thirds,global_RSA_Polar_net,pooled,5,0.0989427396633256,0.0365858861183686,0.0538486053975093,0.0625,-0.0026359647693428,0.200521444095994,5,0
canonical__all__thirds,global_RSA_Polar_net,M1,2,0.0629834894517347,0.0233372328224513,0.225901640351024,0.5,-0.233544168766108,0.359511147669577,2,0
canonical__all__thirds,global_RSA_Polar_net,M2,3,0.122915573137719,0.059681184644986,0.175637231339547,0.25,-0.133871838889711,0.37970298516515,3,0
canonical__all__thirds,global_between_sdi,pooled,5,-0.00603688695723079,0.299169389466211,0.984867164437309,1,-0.836664273965706,0.824590500051244,2,3
canonical__all__thirds,global_between_sdi,M1,2,0.00820321068171892,0.345212545090681,0.984874989160512,1,-4.37813806473642,4.39454448609986,1,1
canonical__all__thirds,global_between_sdi,M2,3,-0.0155302853831973,0.508433400209766,0.97840619932765,1,-2.20314264269155,2.17208207192515,1,2
canonical__all__thirds,global_between_svm,pooled,5,-0.0802189532488484,1.72174068513237,0.965071963642468,1,-4.86053745090451,4.70009954440682,3,2
canonical__all__thirds,global_between_svm,M1,2,0.0471998060313084,2.83474463841312,0.989400966499342,1,-35.9716459444193,36.0660455564819,1,1
canonical__all__thirds,global_between_svm,M2,3,-0.165164792768953,2.68210573180196,0.956497396465161,1,-11.7053343411833,11.3750047556454,2,1
canonical__all__thirds,global_orthogonality_Hyper_minus_Grating,pooled,2,-3.97652180989583,3.52394231160482,0.461632755346212,0.5,-48.7524542996154,40.7994106798237,0,2
canonical__all__thirds,global_orthogonality_Hyper_minus_Grating,M1,1,-7.50046412150065,NaN,NaN,1,NaN,NaN,0,1
canonical__all__thirds,global_orthogonality_Hyper_minus_Grating,M2,1,-0.452579498291016,NaN,NaN,1,NaN,NaN,0,1
canonical__all__thirds,global_orthogonality_Polar_minus_Grating,pooled,5,4.50811945597331,4.1874595061829,0.342269792407822,0.3125,-7.11813199318217,16.1343709051288,4,1
canonical__all__thirds,global_orthogonality_Polar_minus_Grating,M1,2,1.2408873240153,0.538440068562824,0.260630694175689,0.5,-5.60064242530389,8.08241707333449,2,0
canonical__all__thirds,global_orthogonality_Polar_minus_Grating,M2,3,6.68627421061198,7.24032481879439,0.453248841595303,0.5,-24.4663291352465,37.8388775564704,2,1
canonical__all__thirds,global_rms_radius_DiD,pooled,5,-0.191126317658161,0.208979871390769,0.412161930632925,0.4375,-0.771347458665926,0.389094823349604,1,4
canonical__all__thirds,global_rms_radius_DiD,M1,2,-0.258044403914673,0.114881361979255,0.266651412298565,0.5,-1.71775050959368,1.20166170176434,0,2
canonical__all__thirds,global_rms_radius_DiD,M2,3,-0.14651426015382,0.372408716043017,0.731985431265384,0.75,-1.7488596388188,1.45583111851116,1,2
canonical__all__thirds,global_rms_radius_raw_DiD,pooled,5,-1.09608240010178,1.26999775276081,0.436780924183284,0.5,-4.62216144436674,2.42999664416318,1,4
canonical__all__thirds,global_rms_radius_raw_DiD,M1,2,-1.28449307530779,0.526945463514529,0.247835669913335,0.5,-7.97997001952187,5.4109838689063,0,2
canonical__all__thirds,global_rms_radius_raw_DiD,M2,3,-0.970475283297773,2.29434864354696,0.713447116493946,0.75,-10.8422607374521,8.90131017085653,1,2
canonical__all__thirds,global_signal_dimension_DiD,pooled,5,0.0204842917408138,0.282351861887262,0.945647973559912,0.875,-0.763450153139557,0.804418736621185,3,2
canonical__all__thirds,global_signal_dimension_DiD,M1,2,0.107735372205281,0.594197946682942,0.885813507329111,1,-7.4422653921628,7.65773613657336,1,1
canonical__all__thirds,global_signal_dimension_DiD,M2,3,-0.0376830952354973,0.379238983960472,0.929911100464666,1,-1.66941674480044,1.59405055432944,2,1
canonical__all__thirds,global_signal_radius_DiD,pooled,5,-0.267288645747892,0.158373975761031,0.16674092196355,0.125,-0.707005295540321,0.172428004044537,1,4
canonical__all__thirds,global_signal_radius_DiD,M1,2,-0.227156628608719,0.202488648860105,0.463488713716294,0.5,-2.8000188577766,2.34570560055916,0,2
canonical__all__thirds,global_signal_radius_DiD,M2,3,-0.294043323840674,0.262765555243284,0.379485491201666,0.5,-1.42463225739232,0.836545609710974,1,2
canonical__all__thirds,var_between_sdi,pooled,5,-0.37806802886596,0.257846686898207,0.21646395861838,0.3125,-1.09396520059595,0.337829142864034,2,3
canonical__all__thirds,var_between_sdi,M1,2,-0.505879113630931,0.61648575050436,0.562535585453482,1,-8.33907327647364,7.32731504921178,1,1
canonical__all__thirds,var_between_sdi,M2,3,-0.292860639022647,0.293012136582674,0.422848789166743,0.5,-1.55359010833981,0.967868830294519,1,2
canonical__all__thirds,var_between_svm,pooled,5,-2.58731012887761,2.17926065672181,0.30081869312866,0.3125,-8.637907712183,3.46328745442778,1,4
canonical__all__thirds,var_between_svm,M1,2,-4.4766113516114,6.24428811928813,0.604030766977103,1,-83.8178146269497,74.8645919237269,1,1
canonical__all__thirds,var_between_svm,M2,3,-1.32777598038842,0.922232339784588,0.286596908986069,0.25,-5.29582147462581,2.64026951384897,0,3
canonical__all__thirds,var_noise_variance_DiD,pooled,5,12.0558951605534,14.0593177368949,0.439507007247888,0.6875,-26.979028752469,51.0908190735758,3,2
canonical__all__thirds,var_noise_variance_DiD,M1,2,32.6997625763378,34.9925605894687,0.521554626593182,1,-411.92287651645,477.322401669125,1,1
canonical__all__thirds,var_noise_variance_DiD,M2,3,-1.70668311663616,3.73643111930345,0.692649646664838,1,-17.783248671628,14.3698824383557,2,1
canonical__all__thirds,var_rms_radius_DiD,pooled,5,0.00533167220946993,0.113341142706065,0.964735561459202,1,-0.309353788674309,0.320017133093249,2,3
canonical__all__thirds,var_rms_radius_DiD,M1,2,0.115882825767333,0.130858278168361,0.538591011216922,1,-1.54682924806316,1.77859489959783,1,1
canonical__all__thirds,var_rms_radius_DiD,M2,3,-0.0683690968291053,0.174135000067656,0.732492687612524,0.75,-0.817611530215129,0.680873336556919,1,2
canonical__all__thirds,var_rms_radius_raw_DiD,pooled,5,0.0229410965021785,0.761399664153809,0.97740665012776,1,-2.09104327413691,2.13692546714127,2,3
canonical__all__thirds,var_rms_radius_raw_DiD,M1,2,0.728899589478438,0.754015475751366,0.510781292580631,1,-8.85177541966259,10.3095745986195,1,1
canonical__all__thirds,var_rms_radius_raw_DiD,M2,3,-0.447697898815328,1.21080223521257,0.747047892471853,0.75,-5.65735944133944,4.76196364370878,1,2
canonical__all__thirds,var_signal_dimension_DiD,pooled,5,0.118377835885566,0.367028833946717,0.763205580735104,0.875,-0.900657573592251,1.13741324536338,2,3
canonical__all__thirds,var_signal_dimension_DiD,M1,2,0.676634491401627,0.810230011618655,0.557047417730796,1,-9.6183139196182,10.9715829024215,1,1
canonical__all__thirds,var_signal_dimension_DiD,M2,3,-0.253793267791808,0.238894320225963,0.3993828629169,0.5,-1.28167256683369,0.774086031250075,1,2
canonical__all__thirds,var_signal_distance_DiD,pooled,5,12.5090063550577,7.99999479021943,0.192947262311869,0.1875,-9.70254002185485,34.7205527319703,4,1
canonical__all__thirds,var_signal_distance_DiD,M1,2,28.6343771866015,10.0569130527184,0.215024452852479,0.5,-99.1508190751461,156.419573448349,2,0
canonical__all__thirds,var_signal_distance_DiD,M2,3,1.75875913402857,5.92954070342644,0.794731445018353,0.75,-23.7539953597297,27.2715136277869,2,1
canonical__all__thirds,var_signal_radius_DiD,pooled,5,0.150550429983718,0.244883020023296,0.57194716498397,0.625,-0.529353832306017,0.830454692273452,3,2
canonical__all__thirds,var_signal_radius_DiD,M1,2,0.532332090224411,0.011077784108093,0.0132460897635736,0.5,0.391575497323839,0.673088683124983,2,0
canonical__all__thirds,var_signal_radius_DiD,M2,3,-0.103970676843412,0.344782777426433,0.791457271618743,0.75,-1.58745123530785,1.37950988162103,1,2
canonical__all__thirds,var_within_sdi_DiD,pooled,5,3.97658531879106,5.39660822454763,0.502086098926411,0.8125,-11.0068011709244,18.9599718085065,3,2
canonical__all__thirds,var_within_sdi_DiD,M1,2,12.9986101948764,12.0003739785775,0.474592588780129,0.5,-139.480598487593,165.477818877346,2,0
canonical__all__thirds,var_within_sdi_DiD,M2,3,-2.03809793193246,1.96326877870621,0.408256596765906,0.5,-10.4853617018646,6.4091658379997,1,2
canonical__all__thirds,var_within_svm_DiD,pooled,5,2.91987723973239,3.50936612579855,0.452183245595445,0.5,-6.82368516258795,12.6634396420527,3,2
canonical__all__thirds,var_within_svm_DiD,M1,2,1.3871864369594,10.3240367835014,0.914970021341817,1,-129.792138638007,132.566511511926,1,1
canonical__all__thirds,var_within_svm_DiD,M2,3,3.94167110824772,2.05390160267607,0.194970133392857,0.5,-4.89555422914328,12.7788964456387,2,1
canonical__all__thirds,var_within_svm_loo_DiD,pooled,5,0.761667219935269,4.94408919324737,0.885025660435634,0.875,-12.9653250203177,14.4886594601882,3,2
canonical__all__thirds,var_within_svm_loo_DiD,M1,2,-2.35812160587385,14.7855761203482,0.899314776815012,1,-190.226678933313,185.510435721565,1,1
canonical__all__thirds,var_within_svm_loo_DiD,M2,3,2.84152643714135,1.78933082785206,0.253203656828312,0.5,-4.85734273374116,10.5403956080239,2,1
canonical__all__halves,global_RSA_Hyper_net,pooled,2,0.458433827042079,0.418943301151275,0.471365229108574,0.5,-4.86474553023492,5.78161318431907,2,0
canonical__all__halves,global_RSA_Hyper_net,M1,1,0.877377128193354,NaN,NaN,1,NaN,NaN,1,0
canonical__all__halves,global_RSA_Hyper_net,M2,1,0.0394905258908034,NaN,NaN,1,NaN,NaN,1,0
canonical__all__halves,global_RSA_Polar_net,pooled,5,0.0922889414742228,0.0314598186011509,0.0426624982761106,0.125,0.00494248210864692,0.179635400839799,4,1
canonical__all__halves,global_RSA_Polar_net,M1,2,0.087834158652325,0.0481879020230416,0.319446853845791,0.5,-0.524451190259169,0.700119507563819,2,0
canonical__all__halves,global_RSA_Polar_net,M2,3,0.0952587966888214,0.050139980098411,0.197840883185047,0.5,-0.12047612555119,0.310993718928833,2,1
canonical__all__halves,global_between_sdi,pooled,5,-0.0550703147113627,0.213090073346656,0.808822966255866,0.9375,-0.646703205820924,0.536562576398199,2,3
canonical__all__halves,global_between_sdi,M1,2,0.00245066502086178,0.350965090751538,0.995554781676416,1,-4.45698363331832,4.46188496336004,1,1
canonical__all__halves,global_between_sdi,M2,3,-0.0934176345328458,0.32933410601141,0.803341650770966,1,-1.51042792476244,1.32359265569675,1,2
canonical__all__halves,global_between_svm,pooled,5,-0.399066667363775,1.19084147009856,0.754377069940813,0.875,-3.70537263808547,2.90723930335792,3,2
canonical__all__halves,global_between_svm,M1,2,0.181097661396564,2.70084678304787,0.957377058299817,1,-34.1364145250484,34.4986098478415,1,1
canonical__all__halves,global_between_svm,M2,3,-0.785842886537334,1.45206477238699,0.642596788507707,1,-7.03357334322124,5.46188757014658,2,1
canonical__all__halves,global_orthogonality_Hyper_minus_Grating,pooled,2,-4.52735290527344,3.02286682128906,0.374784751195547,0.5,-42.9365176267618,33.881811816215,0,2
canonical__all__halves,global_orthogonality_Hyper_minus_Grating,M1,1,-7.5502197265625,NaN,NaN,1,NaN,NaN,0,1
canonical__all__halves,global_orthogonality_Hyper_minus_Grating,M2,1,-1.50448608398438,NaN,NaN,1,NaN,NaN,0,1
canonical__all__halves,global_orthogonality_Polar_minus_Grating,pooled,5,3.10559631347656,3.71047510719042,0.449694452890534,0.5625,-7.19633413584052,13.4075267627937,3,2
canonical__all__halves,global_orthogonality_Polar_minus_Grating,M1,2,0.54583206176758,1.23349533081054,0.734780075751864,1,-15.1272121526267,16.2188762761619,1,1
canonical__all__halves,global_orthogonality_Polar_minus_Grating,M2,3,4.81210581461589,6.46101357990423,0.53402417992645,0.75,-22.9873919019074,32.6116035311391,2,1
canonical__all__halves,global_rms_radius_DiD,pooled,5,-0.156896362916775,0.135826122164723,0.312344382515805,0.375,-0.534010134959019,0.220217409125468,1,4
canonical__all__halves,global_rms_radius_DiD,M1,2,-0.165760605943389,0.0225975640079712,0.08625641503439,0.5,-0.452889880767484,0.121368668880705,0,2
canonical__all__halves,global_rms_radius_DiD,M2,3,-0.150986867565699,0.247551844210849,0.603981544784847,0.75,-1.21611648581402,0.914142750682624,1,2
canonical__all__halves,global_rms_radius_raw_DiD,pooled,5,-0.888476938530322,0.823010350023638,0.341092903363792,0.4375,-3.17351999638057,1.39656611931993,1,4
canonical__all__halves,global_rms_radius_raw_DiD,M1,2,-0.789289637758145,0.0317420259648884,0.0255884745873027,0.5,-1.19261031840899,-0.3859689571073,0,2
canonical__all__halves,global_rms_radius_raw_DiD,M2,3,-0.954601805711773,1.50067273120245,0.58978558744385,0.75,-7.41147542908056,5.50227181765702,1,2
canonical__all__halves,global_signal_dimension_DiD,pooled,5,-0.0597509914822229,0.225449075017902,0.804082889277283,0.9375,-0.685697972287047,0.566195989322601,3,2
canonical__all__halves,global_signal_dimension_DiD,M1,2,0.0348885202576532,0.521351094735315,0.957461188659124,1,-6.58950522887807,6.65928226939338,1,1
canonical__all__halves,global_signal_dimension_DiD,M2,3,-0.122843999308807,0.271746304265145,0.695526325516359,1,-1.29207397715456,1.04638597853695,2,1
canonical__all__halves,global_signal_radius_DiD,pooled,5,-0.0802755150136628,0.226093533901447,0.740478957321409,0.8125,-0.708011800531208,0.547460770503882,1,4
canonical__all__halves,global_signal_radius_DiD,M1,2,0.137699669136397,0.567344946605221,0.848417796191397,1,-7.07110137846364,7.34650071673644,1,1
canonical__all__halves,global_signal_radius_DiD,M2,3,-0.225592304447036,0.191584565696962,0.360137503900313,0.25,-1.04991415902093,0.598729550126862,0,3
canonical__all__halves,var_between_sdi,pooled,5,-0.499352311853654,0.206561130187974,0.0729636011874938,0.125,-1.07285795068818,0.0741533269808697,1,4
canonical__all__halves,var_between_sdi,M1,2,-0.397809319516734,0.508415956390163,0.577318321289316,1,-6.85784655254821,6.06222791351474,1,1
canonical__all__halves,var_between_sdi,M2,3,-0.567047640078268,0.224353333565096,0.127321389038793,0.25,-1.53236212317052,0.398266843013983,0,3
canonical__all__halves,var_between_svm,pooled,5,-2.2524329653298,1.88147310297075,0.297338831069223,0.3125,-7.47623975263424,2.97137382197463,1,4
canonical__all__halves,var_between_svm,M1,2,-3.66201699535036,5.42969376302709,0.622251047618646,1,-72.6528176031033,65.3287836124026,1,1
canonical__all__halves,var_between_svm,M2,3,-1.31271027864943,0.932074886527695,0.294357574454705,0.25,-5.32310483349874,2.69768427619987,0,3
canonical__all__halves,var_noise_variance_DiD,pooled,5,10.808233541743,14.3149433066349,0.492249211298267,0.9375,-28.9364207331475,50.5528878166335,2,3
canonical__all__halves,var_noise_variance_DiD,M1,2,32.5979672949313,35.0943558708752,0.523466921637029,1,-413.318103484583,478.514038074446,1,1
canonical__all__halves,var_noise_variance_DiD,M2,3,-3.71825562704924,2.95755396336792,0.335598483734258,0.5,-16.4435832609156,9.00707200681708,1,2
canonical__all__halves,var_rms_radius_DiD,pooled,5,-0.00447238677228032,0.103169335969045,0.967500251143228,1,-0.290916384630043,0.281971611085482,3,2
canonical__all__halves,var_rms_radius_DiD,M1,2,0.153108412139721,0.0936326917959729,0.349418495407457,0.5,-1.03660773981906,1.3428245640985,2,0
canonical__all__halves,var_rms_radius_DiD,M2,3,-0.109526252713615,0.136974276855673,0.507815052653148,0.5,-0.698878998932135,0.479826493504906,1,2
canonical__all__halves,var_rms_radius_raw_DiD,pooled,5,-0.0467818019297269,0.677723898668718,0.948280463943046,0.9375,-1.92844500306405,1.8348813992046,3,2
canonical__all__halves,var_rms_radius_raw_DiD,M1,2,0.94146363635722,0.541451428872584,0.332265835500498,0.5,-5.93832907359216,7.8212563463066,2,0
canonical__all__halves,var_rms_radius_raw_DiD,M2,3,-0.705612094121025,0.943788836071721,0.532631698828254,0.5,-4.76640770595208,3.35518351771003,1,2
canonical__all__halves,var_signal_dimension_DiD,pooled,5,0.0862922027995316,0.367984942460831,0.826111739049434,0.9375,-0.935397789482334,1.1079821950814,2,3
canonical__all__halves,var_signal_dimension_DiD,M1,2,0.570528943278071,0.916335559742211,0.645475297757907,1,-11.0726182858437,12.2136761723998,1,1
canonical__all__halves,var_signal_dimension_DiD,M2,3,-0.236532290852828,0.203018570044553,0.364152706853895,0.5,-1.11005069544486,0.636986113739201,1,2
canonical__all__halves,var_signal_distance_DiD,pooled,5,10.4081387716853,8.96805848639709,0.310359166610171,0.4375,-14.4911833159994,35.30746085937,3,2
canonical__all__halves,var_signal_distance_DiD,M1,2,30.8730833561458,7.81820688317404,0.157896294517583,0.5,-68.4666539712338,130.212820683525,2,0
canonical__all__halves,var_signal_distance_DiD,M2,3,-3.23515761795506,3.87784776552998,0.491905227183548,0.5,-19.9201898918655,13.4498746559554,1,2
canonical__all__halves,var_signal_radius_DiD,pooled,5,0.255352524586627,0.185201203405251,0.240045794002605,0.375,-0.258848450084623,0.769553499257877,3,2
canonical__all__halves,var_signal_radius_DiD,M1,2,0.653837714114939,0.110427839782435,0.106514703222222,0.5,-0.749281026734171,2.05695645496405,2,0
canonical__all__halves,var_signal_radius_DiD,M2,3,-0.0103042684322478,0.148492206124869,0.950990946424619,0.75,-0.649214664461935,0.62860612759744,1,2
canonical__all__halves,var_within_sdi_DiD,pooled,5,4.98455901269539,6.03145067226303,0.455006349154774,0.8125,-11.7614326835512,21.730550708942,3,2
canonical__all__halves,var_within_sdi_DiD,M1,2,14.9224109430003,13.9241747267014,0.477978557613399,0.5,-162.001003916738,191.845825802738,2,0
canonical__all__halves,var_within_sdi_DiD,M2,3,-1.64067560750785,1.32913864989528,0.342415143416392,0.5,-7.35949764769528,4.07814643267957,1,2
canonical__all__halves,var_within_svm_DiD,pooled,5,2.84187365332621,4.052967403208,0.521835591028471,0.5,-8.41096785483687,14.0947151614893,3,2
canonical__all__halves,var_within_svm_DiD,M1,2,2.56882360562479,11.5056739521668,0.86015806180539,1,-143.624625258278,148.762272469528,1,1
canonical__all__halves,var_within_svm_DiD,M2,3,3.02390701846048,3.25374932826295,0.45081367743157,0.5,-10.9758464107106,17.0236604476315,2,1
canonical__all__halves,var_within_svm_loo_DiD,pooled,5,0.819014615509209,5.29061044004515,0.884472056250047,0.8125,-13.8700748442625,15.5081040752809,3,2
canonical__all__halves,var_within_svm_loo_DiD,M1,2,-1.65885929903844,15.4848384271836,0.932059330578958,1,-198.412386661418,195.094668063342,1,1
canonical__all__halves,var_within_svm_loo_DiD,M2,3,2.47093055854097,3.1565946105736,0.515724179987559,0.5,-11.110799859356,16.0526609764379,2,1
canonical__all__first_last,global_RSA_Hyper_net,pooled,2,0.357049343340347,0.291107914337687,0.435454436390459,0.5,-3.34182741655511,4.0559261032358,2,0
canonical__all__first_last,global_RSA_Hyper_net,M1,1,0.648157257678034,NaN,NaN,1,NaN,NaN,1,0
canonical__all__first_last,global_RSA_Hyper_net,M2,1,0.0659414290026597,NaN,NaN,1,NaN,NaN,1,0
canonical__all__first_last,global_RSA_Polar_net,pooled,5,0.0898312899752945,0.0884533357471265,0.367264789147813,0.375,-0.155754541098232,0.335417121048821,3,2
canonical__all__first_last,global_RSA_Polar_net,M1,2,-0.0414084282057533,0.0810546848350366,0.69932069034506,1,-1.07130584854584,0.988488992134336,1,1
canonical__all__first_last,global_RSA_Polar_net,M2,3,0.177324435429326,0.119671250702122,0.276596517582998,0.5,-0.33757939807669,0.692228268935343,2,1
canonical__all__first_last,global_between_sdi,pooled,5,0.169522756082655,0.341480937276391,0.645630726019287,0.625,-0.778580320736735,1.11762583290205,4,1
canonical__all__first_last,global_between_sdi,M1,2,0.381617341349185,0.0282015855767848,0.0469609439259044,0.5,0.0232822211258065,0.739952461572563,2,0
canonical__all__first_last,global_between_sdi,M2,3,0.0281263659049689,0.602860805927393,0.967027993712958,1,-2.56577432637749,2.62202705818743,2,1
canonical__all__first_last,global_between_svm,pooled,5,-0.0164452495974245,2.18195217854795,0.994347359508723,1,-6.07451569550254,6.04162519630769,3,2
canonical__all__first_last,global_between_svm,M1,2,-0.163798309178766,3.04574275362319,0.965795901469222,1,-38.8636293104356,38.536032692078,1,1
canonical__all__first_last,global_between_svm,M2,3,0.0817901234568031,3.57288006919285,0.983815080715376,1,-15.2910720593233,15.4546523062369,2,1
canonical__all__first_last,global_orthogonality_Hyper_minus_Grating,pooled,2,-2.91556358337402,7.99064445495605,0.777270916143442,1,-104.446328002025,98.6152008352767,1,1
canonical__all__first_last,global_orthogonality_Hyper_minus_Grating,M1,1,-10.9062080383301,NaN,NaN,1,NaN,NaN,0,1
canonical__all__first_last,global_orthogonality_Hyper_minus_Grating,M2,1,5.07508087158203,NaN,NaN,1,NaN,NaN,1,0
canonical__all__first_last,global_orthogonality_Polar_minus_Grating,pooled,5,10.5734840393066,7.47473752908374,0.230104668761461,0.25,-10.1797143859562,31.3266824645695,4,1
canonical__all__first_last,global_orthogonality_Polar_minus_Grating,M1,2,3.6587085723877,1.87938117980957,0.302092874443862,0.5,-20.2210934755863,27.5385106203616,2,0
canonical__all__first_last,global_orthogonality_Polar_minus_Grating,M2,3,15.1833343505859,12.5896086525277,0.351121861317302,0.5,-38.9853796846898,69.3520483858616,2,1
canonical__all__first_last,global_rms_radius_DiD,pooled,5,-0.393271891219694,0.272820493552595,0.222890486203414,0.3125,-1.15074301514144,0.364199232702053,1,4
canonical__all__first_last,global_rms_radius_DiD,M1,2,-0.560151079580238,0.41698803764482,0.407386208213479,0.5,-5.85848645843104,4.73818429927056,0,2
canonical__all__first_last,global_rms_radius_DiD,M2,3,-0.282019098979332,0.417938095218317,0.569363347714404,0.75,-2.08026158523671,1.51622338727805,1,2
canonical__all__first_last,global_rms_radius_raw_DiD,pooled,5,-2.38976556556418,1.61984329750577,0.214159305437414,0.25,-6.88717156011153,2.10764042898317,1,4
canonical__all__first_last,global_rms_radius_raw_DiD,M1,2,-2.96404090638732,2.20649329459406,0.407386208213478,0.5,-31.0001964564961,25.0721146437215,0,2
canonical__all__first_last,global_rms_radius_raw_DiD,M2,3,-2.00691533834876,2.63442952799142,0.525753945746482,0.75,-13.3419507382936,9.3281200615961,1,2
canonical__all__first_last,global_signal_dimension_DiD,pooled,5,0.19279930824376,0.377949553951196,0.636827413016888,0.625,-0.856556880835726,1.24215549732325,3,2
canonical__all__first_last,global_signal_dimension_DiD,M1,2,0.333499859724934,0.819962434202596,0.754079523065426,1,-10.0851107052254,10.7521104246753,1,1
canonical__all__first_last,global_signal_dimension_DiD,M2,3,0.0989989405896445,0.490960233002787,0.858844145941102,1,-2.01343244613823,2.21143032731752,2,1
canonical__all__first_last,global_signal_radius_DiD,pooled,5,-0.59667043749592,0.200177536981396,0.0407104194570195,0.125,-1.15245238021847,-0.0408884947733739,1,4
canonical__all__first_last,global_signal_radius_DiD,M1,2,-0.694985586593447,0.265340309124623,0.232183144639442,0.5,-4.06645387909079,2.6764827059039,0,2
canonical__all__first_last,global_signal_radius_DiD,M2,3,-0.531127004764235,0.323622827053131,0.242451580001346,0.5,-1.92356364499363,0.861309635465155,1,2
canonical__all__first_last,var_between_sdi,pooled,5,-0.334656854572864,0.469493024392579,0.515342187809485,0.625,-1.63817846407215,0.968864754926421,2,3
canonical__all__first_last,var_between_sdi,M1,2,-0.837885281718273,0.948491918591702,0.539367159575805,1,-12.8896177899516,11.213847226515,1,1
canonical__all__first_last,var_between_sdi,M2,3,0.000828763524075201,0.542382193072706,0.998919536862943,1,-2.3328534600677,2.33451098711585,1,2
canonical__all__first_last,var_between_svm,pooled,5,-3.8844800995595,3.60242552566209,0.341587761805408,0.3125,-13.8864168171236,6.1174566180046,1,4
canonical__all__first_last,var_between_svm,M1,2,-8.08992704826046,9.85760381593719,0.562499974216617,1,-133.342659341655,117.162805245134,1,1
canonical__all__first_last,var_between_svm,M2,3,-1.08084880042553,1.02079004646312,0.400661193969262,0.25,-5.47295388034116,3.3112562794901,0,3
canonical__all__first_last,var_noise_variance_DiD,pooled,5,11.8119168899306,14.1031857883831,0.44941666526486,0.75,-27.3448042599209,50.968638039782,3,2
canonical__all__first_last,var_noise_variance_DiD,M1,2,34.3688701465446,33.323453019262,0.490169043124908,0.5,-389.045746432497,457.783486725586,2,0
canonical__all__first_last,var_noise_variance_DiD,M2,3,-3.22605194781212,3.18951784867828,0.418266105456583,0.5,-16.9494396260123,10.4973357303881,1,2
canonical__all__first_last,var_rms_radius_DiD,pooled,5,0.038669517657913,0.116923067226513,0.757450011932353,0.8125,-0.28596096002785,0.363299995343676,3,2
canonical__all__first_last,var_rms_radius_DiD,M1,2,0.26176602320345,0.0150249192677565,0.0365008297983181,0.5,0.0708563228428403,0.452675723564061,2,0
canonical__all__first_last,var_rms_radius_DiD,M2,3,-0.110061486039112,0.133580026351043,0.496594574852617,0.5,-0.684809951058434,0.46468697898021,1,2
canonical__all__first_last,var_rms_radius_raw_DiD,pooled,5,0.264092258201224,0.786587842756702,0.753935553251391,0.8125,-1.91982570762871,2.44801022403116,3,2
canonical__all__first_last,var_rms_radius_raw_DiD,M1,2,1.48364139945615,0.000726334226349934,0.000311664727790707,0.5,1.47441244806926,1.49287035084305,2,0
canonical__all__first_last,var_rms_radius_raw_DiD,M2,3,-0.548940502635396,1.11181088064157,0.670386699498656,0.75,-5.332676623193,4.23479561792221,1,2
canonical__all__first_last,var_signal_dimension_DiD,pooled,5,0.114272165603322,0.36560395617456,0.770233830153676,0.9375,-0.900807148958483,1.12935148016513,2,3
canonical__all__first_last,var_signal_dimension_DiD,M1,2,0.700385965218235,0.786478537802047,0.536820507701795,1,-9.29277135670188,10.6935432871383,1,1
canonical__all__first_last,var_signal_dimension_DiD,M2,3,-0.276470367473288,0.220276387333376,0.33621896922058,0.5,-1.22424316673259,0.671302431786011,1,2
canonical__all__first_last,var_signal_distance_DiD,pooled,5,12.2707916192258,8.92910026920032,0.241336474112246,0.3125,-12.5203651170158,37.0619483554673,3,2
canonical__all__first_last,var_signal_distance_DiD,M1,2,31.5695237544252,7.12176648489467,0.141250565936667,0.5,-58.9210992858736,122.060146794724,2,0
canonical__all__first_last,var_signal_distance_DiD,M2,3,-0.595029804240511,6.47646135200384,0.935170692090526,1,-28.4609939195567,27.2709343110757,1,2
canonical__all__first_last,var_signal_radius_DiD,pooled,5,0.196225803861315,0.261579245671209,0.494874073423078,0.625,-0.530034612403845,0.922486220126475,3,2
canonical__all__first_last,var_signal_radius_DiD,M1,2,0.598464402543343,0.0550545282108383,0.0584001835336401,0.5,-0.101069704557075,1.29799850964376,2,0
canonical__all__first_last,var_signal_radius_DiD,M2,3,-0.0719332619267038,0.370380974793313,0.863946750728467,0.75,-1.66555397416842,1.52168745031501,1,2
canonical__all__first_last,var_within_sdi_DiD,pooled,5,3.61966555099706,6.44842254628578,0.604533232158895,0.9375,-14.2840256638852,21.5233567658793,2,3
canonical__all__first_last,var_within_sdi_DiD,M1,2,15.0541304047952,14.0558941884964,0.478177689737708,0.5,-163.542938904248,193.651199713838,2,0
canonical__all__first_last,var_within_sdi_DiD,M2,3,-4.0033110182017,0.337504450186806,0.00703266743999435,0.25,-5.45547546210055,-2.55114657430284,0,3
canonical__all__first_last,var_within_svm_DiD,pooled,5,4.59967331204042,6.33905848515746,0.508256969329103,0.6875,-13.0003745906375,22.1997212147184,3,2
canonical__all__first_last,var_within_svm_DiD,M1,2,8.87581885486469,17.8126692014067,0.705705861768359,1,-217.455602915962,235.207240625691,1,1
canonical__all__first_last,var_within_svm_DiD,M2,3,1.74890961682424,4.24537943068172,0.720327198341863,1,-16.5174837794207,20.0153030130692,2,1
canonical__all__first_last,var_within_svm_loo_DiD,pooled,5,2.12665843694582,6.9238170468777,0.774054954964323,0.75,-17.0969395121428,21.3502563860345,3,2
canonical__all__first_last,var_within_svm_loo_DiD,M1,2,3.76606011388299,20.909757840105,0.886554578010249,1,-261.917603986325,269.449724214091,1,1
canonical__all__first_last,var_within_svm_loo_DiD,M2,3,1.03372398565438,3.54471699029865,0.79803999815607,1,-14.2179622488434,16.2854102201521,2,1
canonical__all__calendar_thirds,global_RSA_Hyper_net,pooled,2,0.28744970773229,0.282687667254667,0.494682792669894,0.5,-3.30443766879713,3.87933708426171,2,0
canonical__all__calendar_thirds,global_RSA_Hyper_net,M1,1,0.570137374986957,NaN,NaN,1,NaN,NaN,1,0
canonical__all__calendar_thirds,global_RSA_Hyper_net,M2,1,0.0047620404776238,NaN,NaN,1,NaN,NaN,1,0
canonical__all__calendar_thirds,global_RSA_Polar_net,pooled,5,0.112924341305058,0.0295442349136996,0.0187427101884076,0.0625,0.0308963948921028,0.194952287718013,5,0
canonical__all__calendar_thirds,global_RSA_Polar_net,M1,2,0.0798941590422069,0.00772080191515415,0.0613311350599162,0.5,-0.0182079308191914,0.177996248903605,2,0
canonical__all__calendar_thirds,global_RSA_Polar_net,M2,3,0.134944462813625,0.0477866292908743,0.105859945567664,0.25,-0.070664808150281,0.340553733777531,3,0
canonical__all__calendar_thirds,global_between_sdi,pooled,5,0.0831024583962573,0.260884747551211,0.76601366056325,0.75,-0.641229721963063,0.807434638755578,3,2
canonical__all__calendar_thirds,global_between_sdi,M1,2,-0.0141490834561635,0.359821917862015,0.974979434362803,1,-4.58612004037396,4.55782187346163,1,1
canonical__all__calendar_thirds,global_between_sdi,M2,3,0.147936819631204,0.422442737139959,0.759635293333504,0.75,-1.66968757648687,1.96556121574928,2,1
canonical__all__calendar_thirds,global_between_svm,pooled,5,-0.126961089936643,1.74105027183918,0.945368909497391,1,-4.96089159508781,4.70696941521452,3,2
canonical__all__calendar_thirds,global_between_svm,M1,2,0.457708882301255,2.7089577843654,0.893442323485536,1,-33.9628633474997,34.8782811121022,1,1
canonical__all__calendar_thirds,global_between_svm,M2,3,-0.516741071428574,2.73278713562084,0.867472976804744,1,-12.2749751003318,11.2414929574747,2,1
canonical__all__calendar_thirds,global_orthogonality_Hyper_minus_Grating,pooled,2,-1.19684362411499,3.73193120956421,0.802430769487168,1,-48.6155256341579,46.2218383859279,1,1
canonical__all__calendar_thirds,global_orthogonality_Hyper_minus_Grating,M1,1,-4.9287748336792,NaN,NaN,1,NaN,NaN,0,1
canonical__all__calendar_thirds,global_orthogonality_Hyper_minus_Grating,M2,1,2.53508758544922,NaN,NaN,1,NaN,NaN,1,0
canonical__all__calendar_thirds,global_orthogonality_Polar_minus_Grating,pooled,5,5.53809630076091,4.113508224561,0.249433092989926,0.3125,-5.88283347451235,16.9590260760342,4,1
canonical__all__calendar_thirds,global_orthogonality_Polar_minus_Grating,M1,2,2.5190281867981,0.886658191680908,0.215458494032758,0.5,-8.74703232770595,13.7850887013021,2,0
canonical__all__calendar_thirds,global_orthogonality_Polar_minus_Grating,M2,3,7.55080837673611,7.14684194262341,0.401500695183198,0.5,-23.1995706167804,38.3011873702527,2,1
canonical__all__calendar_thirds,global_rms_radius_DiD,pooled,5,-0.381582577611986,0.3446692528098,0.330344511864831,0.4375,-1.33853783748794,0.575372682263965,2,3
canonical__all__calendar_thirds,global_rms_radius_DiD,M1,2,-0.745917037339543,0.712545780801226,0.485435970597789,0.5,-9.79966961209738,8.30783553741829,0,2
canonical__all__calendar_thirds,global_rms_radius_DiD,M2,3,-0.138692937793615,0.391158443747719,0.756808360267854,1,-1.82171188354929,1.54432600796206,2,1
canonical__all__calendar_thirds,global_rms_radius_raw_DiD,pooled,5,-2.13548557755792,1.94381426302056,0.333624116247774,0.3125,-7.53237917353501,3.26140801841916,1,4
canonical__all__calendar_thirds,global_rms_radius_raw_DiD,M1,2,-4.05676811701789,3.88018402554164,0.485838596576667,0.5,-53.3591807595845,45.2456445255487,0,2
canonical__all__calendar_thirds,global_rms_radius_raw_DiD,M2,3,-0.854630551251278,2.35060983754548,0.75100822425879,0.75,-10.9684883853423,9.25922728283973,1,2
canonical__all__calendar_thirds,global_signal_dimension_DiD,pooled,5,0.0907439253523689,0.396656115539733,0.830266253111732,0.9375,-1.01055000508469,1.19203785578943,2,3
canonical__all__calendar_thirds,global_signal_dimension_DiD,M1,2,0.345771282185723,1.05468538056363,0.798318094413777,1,-13.0552770955061,13.7468196598776,1,1
canonical__all__calendar_thirds,global_signal_dimension_DiD,M2,3,-0.0792743125365338,0.342831947859962,0.838635826277644,0.75,-1.55436112884152,1.39581250376845,1,2
canonical__all__calendar_thirds,global_signal_radius_DiD,pooled,5,-0.53228582763609,0.272171482085681,0.122155554852804,0.125,-1.28795500684731,0.223383351575128,1,4
canonical__all__calendar_thirds,global_signal_radius_DiD,M1,2,-0.877029686704981,0.538415259554346,0.350512038214159,0.5,-7.71824420768314,5.96418483427317,0,2
canonical__all__calendar_thirds,global_signal_radius_DiD,M2,3,-0.302456588256828,0.290288142833979,0.406850253550206,0.5,-1.55146565843535,0.946552481921691,1,2
canonical__all__calendar_thirds,var_between_sdi,pooled,3,-0.342274263133011,0.265002318464754,0.32563063293284,0.25,-1.48248721206532,0.797938685799298,0,3
canonical__all__calendar_thirds,var_between_sdi,M1,1,-0.867243833609915,NaN,NaN,1,NaN,NaN,0,1
canonical__all__calendar_thirds,var_between_sdi,M2,2,-0.0797894778945585,0.0631181347162242,0.426067268968626,0.5,-0.881781420164359,0.722202464375242,0,2
canonical__all__calendar_thirds,var_between_svm,pooled,3,-3.20593365947203,2.78630056651873,0.368892994911965,0.25,-15.1944173979063,8.78255007896226,0,3
canonical__all__calendar_thirds,var_between_svm,M1,1,-8.76249265138156,NaN,NaN,1,NaN,NaN,0,1
canonical__all__calendar_thirds,var_between_svm,M2,2,-0.427654163517261,0.36592576845554,0.450580217999437,0.5,-5.07718189575541,4.22187356872089,0,2
canonical__all__calendar_thirds,var_noise_variance_DiD,pooled,3,-0.413405091308626,1.61191248797328,0.821559789405259,1,-7.34890475780412,6.52209457518687,2,1
canonical__all__calendar_thirds,var_noise_variance_DiD,M1,1,-3.56593586711801,NaN,NaN,1,NaN,NaN,0,1
canonical__all__calendar_thirds,var_noise_variance_DiD,M2,2,1.16286029659607,0.583907430449119,0.296251281276506,0.5,-6.25638706166412,8.58210765485626,2,0
canonical__all__calendar_thirds,var_rms_radius_DiD,pooled,3,-0.0783951345043021,0.130993980624345,0.610281293158661,0.75,-0.642016742818389,0.485226473809785,1,2
canonical__all__calendar_thirds,var_rms_radius_DiD,M1,1,-0.0883776848660212,NaN,NaN,1,NaN,NaN,0,1
canonical__all__calendar_thirds,var_rms_radius_DiD,M2,2,-0.0734038593234425,0.226723466795215,0.800668344109922,1,-2.95419864691875,2.80739092827186,1,1
canonical__all__calendar_thirds,var_rms_radius_raw_DiD,pooled,3,-0.456460252063773,0.956677015887911,0.680321257030335,0.75,-4.57270922596246,3.65978872183491,1,2
canonical__all__calendar_thirds,var_rms_radius_raw_DiD,M1,1,-0.56739333070071,NaN,NaN,1,NaN,NaN,0,1
canonical__all__calendar_thirds,var_rms_radius_raw_DiD,M2,2,-0.400993712745304,1.65422583924708,0.848600117014657,1,-21.4199259060891,20.6179384805985,1,1
canonical__all__calendar_thirds,var_signal_dimension_DiD,pooled,3,-0.192398564436192,0.249282223323137,0.520946494463927,0.75,-1.2649734030955,0.880176274223119,1,2
canonical__all__calendar_thirds,var_signal_dimension_DiD,M1,1,-0.0369189762277413,NaN,NaN,1,NaN,NaN,0,1
canonical__all__calendar_thirds,var_signal_dimension_DiD,M2,2,-0.270138358540418,0.410237070280926,0.629281825141562,1,-5.48269456389835,4.94241784681751,1,1
canonical__all__calendar_thirds,var_signal_distance_DiD,pooled,3,9.91340944214903,9.34358562554756,0.39988221582061,0.5,-30.288794755261,50.115613639559,2,1
canonical__all__calendar_thirds,var_signal_distance_DiD,M1,1,24.7814048928889,NaN,NaN,1,NaN,NaN,1,0
canonical__all__calendar_thirds,var_signal_distance_DiD,M2,2,2.47941171677908,9.80381611840001,0.842303706193678,1,-122.089883079421,127.048706512979,1,1
canonical__all__calendar_thirds,var_signal_radius_DiD,pooled,3,0.0697551615174975,0.418568512849876,0.882969207087131,1,-1.73119979288319,1.87071011591819,2,1
canonical__all__calendar_thirds,var_signal_radius_DiD,M1,1,0.641362417024658,NaN,NaN,1,NaN,NaN,1,0
canonical__all__calendar_thirds,var_signal_radius_DiD,M2,2,-0.216048466236083,0.529667498471209,0.753441356770543,1,-6.94611214390877,6.5140152114366,1,1
canonical__all__calendar_thirds,var_within_sdi_DiD,pooled,3,8.48100595300228,12.5259441039269,0.568174878675448,1,-45.4137816384481,62.3757935444527,1,2
canonical__all__calendar_thirds,var_within_sdi_DiD,M1,1,33.5258880493879,NaN,NaN,1,NaN,NaN,1,0
canonical__all__calendar_thirds,var_within_sdi_DiD,M2,2,-4.04143509519052,0.513066923231179,0.0803899080398579,0.5,-10.5605684651251,2.47769827474407,0,2
canonical__all__calendar_thirds,var_within_svm_DiD,pooled,3,6.08444788317342,6.41624077198201,0.443073867079608,0.5,-21.5224079891248,33.6913037554716,2,1
canonical__all__calendar_thirds,var_within_svm_DiD,M1,1,17.1556641804558,NaN,NaN,1,NaN,NaN,1,0
canonical__all__calendar_thirds,var_within_svm_DiD,M2,2,0.548839734532212,5.6192138423648,0.938016691352264,1,-70.8500418029019,71.9477212719663,1,1
canonical__all__calendar_thirds,var_within_svm_loo_DiD,pooled,3,5.86388486567611,6.73089095397593,0.475507560058273,0.75,-23.0968014710944,34.8245712024466,2,1
canonical__all__calendar_thirds,var_within_svm_loo_DiD,M1,1,17.6680888240128,NaN,NaN,1,NaN,NaN,1,0
canonical__all__calendar_thirds,var_within_svm_loo_DiD,M2,2,-0.0382171134922413,5.60448532743519,0.995658942511726,1,-71.2499551247709,71.1735208977864,1,1
union_native__matched__thirds,global_RSA_Hyper_net,pooled,2,0.347540760374023,0.368453124041412,0.518588762689254,1,-4.33410006937933,5.02918159012738,1,1
union_native__matched__thirds,global_RSA_Hyper_net,M1,1,0.715993884415436,NaN,NaN,1,NaN,NaN,1,0
union_native__matched__thirds,global_RSA_Hyper_net,M2,1,-0.0209123636673887,NaN,NaN,1,NaN,NaN,0,1
union_native__matched__thirds,global_RSA_Polar_net,pooled,5,0.109820835832946,0.028082091403256,0.0173834493534121,0.0625,0.0318524506126588,0.187789221053233,5,0
union_native__matched__thirds,global_RSA_Polar_net,M1,2,0.0648061955809413,0.00213260984747761,0.0209420076195466,0.5,0.0377088182365085,0.0919035729253741,2,0
union_native__matched__thirds,global_RSA_Polar_net,M2,3,0.139830596000949,0.0387483081609924,0.0689427626252372,0.25,-0.0268899178811183,0.306551109883016,3,0
union_native__matched__thirds,global_between_sdi,pooled,5,-0.159755966915353,0.310171602264788,0.633668778106722,0.6875,-1.02093039379478,0.701418459964076,2,3
union_native__matched__thirds,global_between_sdi,M1,2,-0.221916033441909,0.298666565184398,0.593186817932791,1,-4.01683455852494,3.57300249164112,1,1
union_native__matched__thirds,global_between_sdi,M2,3,-0.118315922564316,0.537408200400064,0.84617601976641,1,-2.4305967830054,2.19396493787676,1,2
union_native__matched__thirds,global_between_svm,pooled,5,-0.65856016097006,1.41985808481858,0.666892607488662,0.6875,-4.60071819064012,3.2835978687,3,2
union_native__matched__thirds,global_between_svm,M1,2,-1.70800623993559,3.47189512882449,0.708944685794138,1,-45.8226165693072,42.406604089436,1,1
union_native__matched__thirds,global_between_svm,M2,3,0.0410705583402944,1.44572383680649,0.979916349141244,1,-6.17937705455902,6.26151817123961,2,1
union_native__matched__thirds,global_orthogonality_Hyper_minus_Grating,pooled,2,0.812358220418293,0.809490839640301,0.498874476397831,0.5,-9.47319812010933,11.0979145609459,2,0
union_native__matched__thirds,global_orthogonality_Hyper_minus_Grating,M1,1,0.00286738077799242,NaN,NaN,1,NaN,NaN,1,0
union_native__matched__thirds,global_orthogonality_Hyper_minus_Grating,M2,1,1.62184906005859,NaN,NaN,1,NaN,NaN,1,0
union_native__matched__thirds,global_orthogonality_Polar_minus_Grating,pooled,5,8.8679567972819,5.62478131627375,0.190020659782236,0.25,-6.74893975609436,24.4848533506582,4,1
union_native__matched__thirds,global_orthogonality_Polar_minus_Grating,M1,2,12.7321211496989,2.08790906270345,0.103476699819847,0.5,-13.7972788715257,39.2615211709235,2,0
union_native__matched__thirds,global_orthogonality_Polar_minus_Grating,M2,3,6.29184722900391,9.78325111948568,0.586037011722236,0.75,-35.8020849060756,48.3857793640834,2,1
union_native__matched__thirds,global_rms_radius_DiD,pooled,5,-0.219118719012662,0.222480810745586,0.3804379717164,0.3125,-0.83682447700768,0.398587038982357,1,4
union_native__matched__thirds,global_rms_radius_DiD,M1,2,-0.426580641163906,0.390940763205397,0.472264097895475,0.5,-5.39395401816807,4.54079273584026,0,2
union_native__matched__thirds,global_rms_radius_DiD,M2,3,-0.0808107709118318,0.300226774988525,0.813027482445414,0.75,-1.37258232386009,1.21096078203642,1,2
union_native__matched__thirds,global_rms_radius_raw_DiD,pooled,5,-1.41362585375234,1.45048273266839,0.384949207658121,0.3125,-5.44081153704342,2.61355982953875,1,4
union_native__matched__thirds,global_rms_radius_raw_DiD,M1,2,-2.80205419326548,2.15365658265872,0.417176117861286,0.5,-30.1668556639375,24.5627472774065,0,2
union_native__matched__thirds,global_rms_radius_raw_DiD,M2,3,-0.488006960743571,2.09665417153593,0.837602065629612,0.75,-9.50918175524325,8.53316783375611,1,2
union_native__matched__thirds,global_signal_dimension_DiD,pooled,5,-0.0990443860840118,0.324226283727063,0.775238303170214,0.8125,-0.999240864514488,0.801152092346464,2,3
union_native__matched__thirds,global_signal_dimension_DiD,M1,2,0.388763965366928,0.478628875574673,0.565721543618532,1,-5.69279252032995,6.47032045106381,1,1
union_native__matched__thirds,global_signal_dimension_DiD,M2,3,-0.424249953717972,0.376628132461925,0.376968456721852,0.5,-2.04475001595572,1.19625010851977,1,2
union_native__matched__thirds,global_signal_radius_DiD,pooled,5,-0.171383289446586,0.108369079206407,0.188928156566323,0.125,-0.472264088964007,0.129497510070834,1,4
union_native__matched__thirds,global_signal_radius_DiD,M1,2,-0.0993619512491686,0.0700474802106876,0.390919981809263,0.5,-0.989399576059311,0.790675673560974,0,2
union_native__matched__thirds,global_signal_radius_DiD,M2,3,-0.219397514911532,0.186088511082167,0.359660416511082,0.5,-1.02007175509423,0.581276725271168,1,2
union_native__matched__thirds,var_between_sdi,pooled,5,-0.418858164345501,0.263221212129547,0.186758430763608,0.25,-1.14967741034681,0.311961081655811,2,3
union_native__matched__thirds,var_between_sdi,M1,2,-0.549005626469999,0.659612263343428,0.558098412451362,1,-8.93017409100317,7.83216283806317,1,1
union_native__matched__thirds,var_between_sdi,M2,3,-0.332093189595835,0.27660749811121,0.35281734699702,0.5,-1.5222391964132,0.85805281722153,1,2
union_native__matched__thirds,var_between_svm,pooled,5,-2.40873407163092,2.19413861324481,0.333935295941048,0.375,-8.50063948449995,3.68317134123811,1,3
union_native__matched__thirds,var_between_svm,M1,2,-4.49975949975956,6.26743626743629,0.603591330897377,1,-84.1350878847316,75.1355688852125,1,1
union_native__matched__thirds,var_between_svm,M2,3,-1.01471711954516,0.724424585402925,0.296290474841638,0.5,-4.13166453942668,2.10223030033635,0,2
union_native__matched__thirds,var_noise_variance_DiD,pooled,5,12.6758275993337,13.9445767732291,0.414759580402914,0.625,-26.0405243267531,51.3921795254204,3,2
union_native__matched__thirds,var_noise_variance_DiD,M1,2,32.8592622836916,34.8330608821149,0.518557544247975,1,-409.736740872098,475.455265439482,1,1
union_native__matched__thirds,var_noise_variance_DiD,M2,3,-0.779795523571669,4.17206413067665,0.86897489935278,1,-18.7307386441174,17.171147596974,2,1
union_native__matched__thirds,var_rms_radius_DiD,pooled,5,0.0318788317869572,0.107546741203108,0.781663955117492,0.6875,-0.266718791406386,0.330476454980301,3,2
union_native__matched__thirds,var_rms_radius_DiD,M1,2,0.129947196059039,0.116793907876655,0.466095130636317,0.5,-1.35406010935967,1.61395450147775,2,0
union_native__matched__thirds,var_rms_radius_DiD,M2,3,-0.0335000777277639,0.169305632641071,0.861436240757273,1,-0.761963420172828,0.6949632647173,1,2
union_native__matched__thirds,var_rms_radius_raw_DiD,pooled,5,0.178507482701863,0.780553875337304,0.830323559012947,0.8125,-1.98865750382156,2.34567246922529,3,2
union_native__matched__thirds,var_rms_radius_raw_DiD,M1,2,0.876139626067982,0.606775439161822,0.385608398894845,0.5,-6.83367333280445,8.58595258494041,2,0
union_native__matched__thirds,var_rms_radius_raw_DiD,M2,3,-0.286580612875549,1.27975467402174,0.843603280127382,1,-5.79292055446482,5.21975932871373,1,2
union_native__matched__thirds,var_signal_dimension_DiD,pooled,5,0.144820078184121,0.351618605464748,0.701551502729824,0.9375,-0.831429677854954,1.1210698342232,2,3
union_native__matched__thirds,var_signal_dimension_DiD,M1,2,0.638059154537905,0.848805348482377,0.589636559164835,1,-10.1470353844393,11.4231536935151,1,1
union_native__matched__thirds,var_signal_dimension_DiD,M2,3,-0.184005972718401,0.191843055131791,0.438697525599574,0.5,-1.00944001756468,0.641428072127874,1,2
union_native__matched__thirds,var_signal_distance_DiD,pooled,5,13.2193066699382,7.75712424001348,0.163557597555439,0.1875,-8.31792295665839,34.7565362965348,4,1
union_native__matched__thirds,var_signal_distance_DiD,M1,2,27.724152338075,10.9671379012449,0.239808803138691,0.5,-111.626547205004,167.074851881154,2,0
union_native__matched__thirds,var_signal_distance_DiD,M2,3,3.549409557847,6.60304823322818,0.64470143415626,0.75,-24.8612139475196,31.9600330632136,2,1
union_native__matched__thirds,var_signal_radius_DiD,pooled,5,0.158030743272187,0.245722203304517,0.555155174019841,0.5625,-0.524203465331056,0.84026495187543,4,1
union_native__matched__thirds,var_signal_radius_DiD,M1,2,0.534946927383977,0.00846294694852689,0.0100705877162116,0.5,0.42741499078461,0.642478863983345,2,0
union_native__matched__thirds,var_signal_radius_DiD,M2,3,-0.0932467128023397,0.349736110400822,0.814734755628401,1,-1.5980397429104,1.41154631730572,2,1
union_native__matched__thirds,var_within_sdi_DiD,pooled,5,4.06183030568317,4.44675256568591,0.412689705004503,0.5625,-8.28433408934119,16.4079947007075,4,1
union_native__matched__thirds,var_within_sdi_DiD,M1,2,11.0838468660716,10.0856106497727,0.470002702256823,0.5,-117.065986939285,139.233680671428,2,0
union_native__matched__thirds,var_within_sdi_DiD,M2,3,-0.619514067909088,2.14750609893724,0.800129323513456,1,-9.85948704665503,8.62045891083685,2,1
union_native__matched__thirds,var_within_svm_DiD,pooled,5,1.19353568311278,3.11753798792373,0.721309016158745,0.6875,-7.46213740372623,9.84920876995179,3,2
union_native__matched__thirds,var_within_svm_DiD,M1,2,-0.283854343420379,8.65299600312159,0.979123703659225,1,-110.230593140385,109.662884453544,1,1
union_native__matched__thirds,var_within_svm_DiD,M2,3,2.17846236746822,2.49521469220615,0.474693873536491,0.5,-8.55757993926352,12.9145046742,2,1
union_native__matched__halves,global_RSA_Hyper_net,pooled,2,0.353960618085139,0.3175083089529,0.465473452603201,0.5,-3.68036496090701,4.38828619707729,2,0
union_native__matched__halves,global_RSA_Hyper_net,M1,1,0.671468927038039,NaN,NaN,1,NaN,NaN,1,0
union_native__matched__halves,global_RSA_Hyper_net,M2,1,0.036452309132239,NaN,NaN,1,NaN,NaN,1,0
union_native__matched__halves,global_RSA_Polar_net,pooled,5,0.100363943782055,0.0243575377461679,0.0146071167507501,0.0625,0.0327365773320364,0.167991310232073,5,0
union_native__matched__halves,global_RSA_Polar_net,M1,2,0.0967142200510553,0.0340406343175916,0.215451197730285,0.5,-0.335813048937519,0.529241489039629,2,0
union_native__matched__halves,global_RSA_Polar_net,M2,3,0.102797092936054,0.0397992079498027,0.122871143437881,0.25,-0.0684450777910306,0.274039263663139,3,0
union_native__matched__halves,global_between_sdi,pooled,5,-0.136611393104202,0.205681815642327,0.542899586273345,0.625,-0.707675663372537,0.434452877164133,2,3
union_native__matched__halves,global_between_sdi,M1,2,-0.214247586229102,0.290998117971592,0.59597348285478,1,-3.91172925101766,3.48323407855946,1,1
union_native__matched__halves,global_between_sdi,M2,3,-0.0848539310209351,0.330819466069414,0.821541271613694,1,-1.50825520975876,1.33854734771689,1,2
union_native__matched__halves,global_between_svm,pooled,5,-0.737606943839069,1.01515894449852,0.507715274621718,0.5625,-3.55614002628973,2.0809261386116,2,3
union_native__matched__halves,global_between_svm,M1,2,-1.09737318840579,2.86126207729469,0.766853321184069,1,-37.4531549463646,35.258408569553,1,1
union_native__matched__halves,global_between_svm,M2,3,-0.497762780794588,0.796437184474144,0.59578106426153,0.75,-3.92455540664624,2.92902984505706,1,2
union_native__matched__halves,global_orthogonality_Hyper_minus_Grating,pooled,2,-6.55351486206055,5.7668441772461,0.459406120214566,0.5,-79.8282176597664,66.7211879356453,0,2
union_native__matched__halves,global_orthogonality_Hyper_minus_Grating,M1,1,-12.3203590393066,NaN,NaN,1,NaN,NaN,0,1
union_native__matched__halves,global_orthogonality_Hyper_minus_Grating,M2,1,-0.786670684814453,NaN,NaN,1,NaN,NaN,0,1
union_native__matched__halves,global_orthogonality_Polar_minus_Grating,pooled,5,5.27754557291667,5.58304276133453,0.398040242283363,0.375,-10.2234661739006,20.7785573197339,3,2
union_native__matched__halves,global_orthogonality_Polar_minus_Grating,M1,2,5.80843772888184,9.01159248352051,0.63551249773472,1,-108.694701365703,120.311576823466,1,1
union_native__matched__halves,global_orthogonality_Polar_minus_Grating,M2,3,4.92361746893989,8.7564285246976,0.63053568783314,0.75,-32.7522536257063,42.599488563586,2,1
union_native__matched__halves,global_rms_radius_DiD,pooled,5,-0.14032146493596,0.139212139453458,0.37049346399506,0.3125,-0.526836328105627,0.246193398233706,1,4
union_native__matched__halves,global_rms_radius_DiD,M1,2,-0.15058758464582,0.114947706687311,0.415061161582191,0.5,-1.61113667976855,1.30996151047691,0,2
union_native__matched__halves,global_rms_radius_DiD,M2,3,-0.133477385129387,0.245228850316681,0.640808834125522,0.75,-1.18861196735778,0.921657197099002,1,2
union_native__matched__halves,global_rms_radius_raw_DiD,pooled,5,-0.933525270483126,0.901506165620503,0.358921944365457,0.375,-3.4365076513258,1.56945711035955,1,4
union_native__matched__halves,global_rms_radius_raw_DiD,M1,2,-1.1824756833951,0.534078072788333,0.270075944903588,0.5,-7.96858102134526,5.60362965455507,0,2
union_native__matched__halves,global_rms_radius_raw_DiD,M2,3,-0.767558328541812,1.60609261167898,0.679856291149389,0.75,-7.67801708841283,6.14290043132921,1,2
union_native__matched__halves,global_signal_dimension_DiD,pooled,5,-0.229173526425904,0.228963914263747,0.37350810716855,0.3125,-0.864879265450412,0.406532212598604,1,4
union_native__matched__halves,global_signal_dimension_DiD,M1,2,0.179235579355169,0.269100489562914,0.62593581773361,1,-3.24001033563606,3.59848149434639,1,1
union_native__matched__halves,global_signal_dimension_DiD,M2,3,-0.501446263613286,0.240716295015942,0.172644710817245,0.25,-1.53716488745881,0.534272360232234,0,3
union_native__matched__halves,global_signal_radius_DiD,pooled,5,0.0360943557161844,0.205888401654364,0.869352409613749,0.9375,-0.535543489274073,0.607732200706441,2,3
union_native__matched__halves,global_signal_radius_DiD,M1,2,0.366330621252817,0.395645092291298,0.524479747342404,1,-4.66081692426315,5.39347816676878,1,1
union_native__matched__halves,global_signal_radius_DiD,M2,3,-0.184063154641571,0.168923370376166,0.38966705877736,0.5,-0.910881755309059,0.542755446025918,1,2
union_native__matched__halves,var_between_sdi,pooled,5,-0.525180212801755,0.207808964846857,0.0648558081937527,0.125,-1.10215039606703,0.0517899704635223,1,4
union_native__matched__halves,var_between_sdi,M1,2,-0.426560328076113,0.537166964949542,0.572746331320611,1,-7.25191376223457,6.39879310608234,1,1
union_native__matched__halves,var_between_sdi,M2,3,-0.59092680261885,0.205821530864288,0.102924265449882,0.25,-1.47650537423329,0.29465176899559,0,3
union_native__matched__halves,var_between_svm,pooled,5,-2.08867816486865,1.88205216364465,0.329311853979664,0.375,-7.31409268234677,3.13673635260947,2,3
union_native__matched__halves,var_between_svm,M1,2,-3.67744909411579,5.44512586179252,0.62184748225189,1,-72.8643331082912,65.5094349200596,1,1
union_native__matched__halves,var_between_svm,M2,3,-1.02949754537056,0.722223274187007,0.290099284654031,0.5,-4.13697348753988,2.07797839679876,1,2
union_native__matched__halves,var_noise_variance_DiD,pooled,5,11.2351151255829,14.2148793731298,0.473527707190359,0.9375,-28.2317171309204,50.7019473820862,2,3
union_native__matched__halves,var_noise_variance_DiD,M1,2,32.7215384886841,34.9707846771224,0.521145499255229,1,-411.624411403515,477.067488380883,1,1
union_native__matched__halves,var_noise_variance_DiD,M2,3,-3.08916711648457,3.06747417422479,0.419937355904265,0.5,-16.2874432456488,10.1091090126797,1,2
union_native__matched__halves,var_rms_radius_DiD,pooled,5,0.00570037163093531,0.099006035055388,0.956847795418879,1,-0.269184449783638,0.280585193045508,3,2
union_native__matched__halves,var_rms_radius_DiD,M1,2,0.162484659000857,0.0842564449348373,0.30454448804978,0.5,-0.908094980683416,1.23306429868513,2,0
union_native__matched__halves,var_rms_radius_DiD,M2,3,-0.0988224866156789,0.129039976558524,0.523814870440902,0.5,-0.654036694002018,0.45639172077066,1,2
union_native__matched__halves,var_rms_radius_raw_DiD,pooled,5,-0.0223333332224783,0.710134179812111,0.976417767440652,1,-1.99398190079546,1.94931523435051,3,2
union_native__matched__halves,var_rms_radius_raw_DiD,M1,2,1.03962366075025,0.443291404479552,0.256591194141321,0.5,-4.59292768235337,6.67217500385387,2,0
union_native__matched__halves,var_rms_radius_raw_DiD,M2,3,-0.730304662537632,0.994453032633643,0.539147639421865,0.75,-5.00909071800641,3.54848139293114,1,2
union_native__matched__halves,var_signal_dimension_DiD,pooled,5,0.131906040439656,0.348522029901897,0.72430958681576,0.9375,-0.835746243535064,1.09955832441438,2,3
union_native__matched__halves,var_signal_dimension_DiD,M1,2,0.54481205203559,0.942052450984692,0.666201682024062,1,-11.4250992623911,12.5147233664623,1,1
union_native__matched__halves,var_signal_dimension_DiD,M2,3,-0.143364633957633,0.119806708460408,0.354060737692217,0.5,-0.658851295157105,0.372122027241839,1,2
union_native__matched__halves,var_signal_distance_DiD,pooled,5,11.1066353877426,8.5012643708153,0.261448787404027,0.375,-12.4966584625999,34.7099292380851,3,2
union_native__matched__halves,var_signal_distance_DiD,M1,2,30.2129408093702,8.47834942994968,0.174168571017119,0.5,-77.5147028724005,137.940584491141,2,0
union_native__matched__halves,var_signal_distance_DiD,M2,3,-1.63090156000913,3.76006967404778,0.706779012321486,0.75,-17.809175607099,14.5473724870807,1,2
union_native__matched__halves,var_signal_radius_DiD,pooled,5,0.227154074001614,0.211573953442462,0.343437628789774,0.3125,-0.360269393421057,0.814577541424284,4,1
union_native__matched__halves,var_signal_radius_DiD,M1,2,0.655580938887983,0.112171064555479,0.107882091624744,0.5,-0.769687572828596,2.08084945060456,2,0
union_native__matched__halves,var_signal_radius_DiD,M2,3,-0.0584638359226322,0.207474549257347,0.804587207740778,1,-0.951154771638295,0.834227099793031,2,1
union_native__matched__halves,var_within_sdi_DiD,pooled,5,5.0004659139536,5.42056070461104,0.408475273386714,0.625,-10.0494233217912,20.0503551496984,3,2
union_native__matched__halves,var_within_sdi_DiD,M1,2,13.5515826085792,12.5533463922804,0.475667911892356,0.5,-145.953806775856,173.056971993014,2,0
union_native__matched__halves,var_within_sdi_DiD,M2,3,-0.700278549130151,2.18852690212533,0.779320103386893,0.75,-10.1167497986898,8.71619270042954,1,2
union_native__matched__halves,var_within_svm_DiD,pooled,5,1.08623452209629,3.52880858200415,0.773582451883207,0.75,-8.7113087925891,10.8837778367817,2,3
union_native__matched__halves,var_within_svm_DiD,M1,2,1.45090993811193,10.3877602846539,0.911651735391855,1,-130.538098989005,133.439918865229,1,1
union_native__matched__halves,var_within_svm_DiD,M2,3,0.843117578085855,2.33792567753874,0.752905882834279,1,-9.21616472032756,10.9023998764993,1,2
union_native__matched__first_last,global_RSA_Hyper_net,pooled,2,0.487031869143751,0.50794423281114,0.51337847642654,1,-5.96701154751377,6.94107528580128,1,1
union_native__matched__first_last,global_RSA_Hyper_net,M1,1,0.994976101954891,NaN,NaN,1,NaN,NaN,1,0
union_native__matched__first_last,global_RSA_Hyper_net,M2,1,-0.0209123636673887,NaN,NaN,1,NaN,NaN,0,1
union_native__matched__first_last,global_RSA_Polar_net,pooled,5,0.115797982863232,0.0807789254103594,0.225005241677389,0.25,-0.108480269195498,0.340076234921962,4,1
union_native__matched__first_last,global_RSA_Polar_net,M1,2,-0.0181184081317968,0.0807919938652605,0.859555352652281,1,-1.04467802322757,1.00844120696397,1,1
union_native__matched__first_last,global_RSA_Polar_net,M2,3,0.205075576859918,0.0980402445765867,0.171570846615896,0.25,-0.216757549092838,0.626908702812673,3,0
union_native__matched__first_last,global_between_sdi,pooled,5,-0.219575436654394,0.3443366109246,0.558358180480661,0.5625,-1.1756071345964,0.736456261287609,2,3
union_native__matched__first_last,global_between_sdi,M1,2,-0.231801672623891,0.30855220436638,0.589823067911243,1,-4.15232915310113,3.68872580785335,1,1
union_native__matched__first_last,global_between_sdi,M2,3,-0.211424612674729,0.602833149571737,0.759296125514483,0.75,-2.80520630926303,2.38235708391357,1,2
union_native__matched__first_last,global_between_svm,pooled,5,-0.324369914823285,1.83778079977515,0.868476511467869,0.875,-5.42686742078549,4.77812759113893,3,2
union_native__matched__first_last,global_between_svm,M1,2,-2.3479770531401,4.111865942029,0.669695171602521,1,-54.5941875602644,49.8982334539842,1,1
union_native__matched__first_last,global_between_svm,M2,3,1.02470151072126,1.82956868668784,0.631789388141624,0.75,-6.84729719332033,8.89670021476284,2,1
union_native__matched__first_last,global_orthogonality_Hyper_minus_Grating,pooled,2,-8.99057197570801,10.6124210357666,0.552550902272263,1,-143.834166402646,125.85302245123,1,1
union_native__matched__first_last,global_orthogonality_Hyper_minus_Grating,M1,1,-19.6029930114746,NaN,NaN,1,NaN,NaN,0,1
union_native__matched__first_last,global_orthogonality_Hyper_minus_Grating,M2,1,1.62184906005859,NaN,NaN,1,NaN,NaN,1,0
union_native__matched__first_last,global_orthogonality_Polar_minus_Grating,pooled,5,8.34358444213867,8.70997032324716,0.392342446329102,0.4375,-15.8391700282589,32.5263389125363,3,2
union_native__matched__first_last,global_orthogonality_Polar_minus_Grating,M1,2,3.57281303405762,11.2472171783447,0.804188081554169,1,-139.336631146212,146.482257214327,1,1
union_native__matched__first_last,global_orthogonality_Polar_minus_Grating,M2,3,11.5240987141927,14.0736416713578,0.498923637794075,0.75,-49.0298940405907,72.0780914689761,2,1
union_native__matched__first_last,global_rms_radius_DiD,pooled,5,-0.387529950239143,0.307817731456746,0.276507962083431,0.3125,-1.24216898403531,0.467109083557027,1,4
union_native__matched__first_last,global_rms_radius_DiD,M1,2,-0.723498702295327,0.687858824336818,0.483927368030857,0.5,-9.46357375390336,8.01657634931271,0,2
union_native__matched__first_last,global_rms_radius_DiD,M2,3,-0.163550782201688,0.308891993984644,0.649372683492357,0.75,-1.49260576331747,1.16550419891409,1,2
union_native__matched__first_last,global_rms_radius_raw_DiD,pooled,5,-2.58887012387261,1.95886134285879,0.256815383243464,0.25,-8.02754111101408,2.84980086326886,1,4
union_native__matched__first_last,global_rms_radius_raw_DiD,M1,2,-4.666709091535,4.01831148092824,0.452559883344311,0.5,-55.7241974619306,46.3907792788605,0,2
union_native__matched__first_last,global_rms_radius_raw_DiD,M2,3,-1.20364414543102,2.2382179782992,0.644569828686365,0.75,-10.8339188395344,8.42663054867237,1,2
union_native__matched__first_last,global_signal_dimension_DiD,pooled,5,0.0260955212320288,0.442542667269363,0.955806575189155,1,-1.20259990114917,1.25479094361323,2,3
union_native__matched__first_last,global_signal_dimension_DiD,M1,2,0.731436129772815,0.82130103998056,0.536803415602114,1,-9.70418303425337,11.167055293799,1,1
union_native__matched__first_last,global_signal_dimension_DiD,M2,3,-0.444131551128495,0.389328097212732,0.372157718834819,0.5,-2.11927515136902,1.23101204911203,1,2
union_native__matched__first_last,global_signal_radius_DiD,pooled,5,-0.436420957805528,0.199131825209133,0.0935229887700076,0.125,-0.989299539196527,0.116457623585472,1,4
union_native__matched__first_last,global_signal_radius_DiD,M1,2,-0.545311860091516,0.515997389053035,0.482420366035824,0.5,-7.10168032873097,6.01105660854793,0,2
union_native__matched__first_last,global_signal_radius_DiD,M2,3,-0.363827022948202,0.191937042572034,0.198490088782483,0.5,-1.1896654631108,0.462011417214398,1,2
union_native__matched__first_last,var_between_sdi,pooled,5,-0.470036024174696,0.434837144557492,0.340538438150937,0.375,-1.67733748573953,0.737265437390138,2,3
union_native__matched__first_last,var_between_sdi,M1,2,-0.924138307396408,1.03474494426984,0.535908052764297,1,-14.0718194190106,12.2235428042178,1,1
union_native__matched__first_last,var_between_sdi,M2,3,-0.167301168693554,0.39852011679261,0.715425739247812,0.75,-1.88199483707135,1.54739249968424,1,2
union_native__matched__first_last,var_between_svm,pooled,5,-3.84052276353867,3.61199763706885,0.347589837570497,0.375,-13.8690359229645,6.18799039588713,1,3
union_native__matched__first_last,var_between_svm,M1,2,-8.13622334455677,9.9039001122335,0.562181228912848,1,-133.977205857219,117.704759168106,1,1
union_native__matched__first_last,var_between_svm,M2,3,-0.976722376193275,0.73551782194859,0.315479330464079,0.5,-4.14140014057976,2.18795538819321,0,2
union_native__matched__first_last,var_noise_variance_DiD,pooled,5,12.5903975311154,13.9433792265934,0.417604582313751,0.625,-26.1226294724765,51.3034245347072,3,2
union_native__matched__first_last,var_noise_variance_DiD,M1,2,34.7755898868192,32.9167332789873,0.482522574242276,0.5,-383.471162402049,453.022342175687,2,0
union_native__matched__first_last,var_noise_variance_DiD,M2,3,-2.19973070602055,3.66798368953131,0.609592629709233,0.75,-17.9817907404589,13.5823293284178,1,2
union_native__matched__first_last,var_rms_radius_DiD,pooled,5,0.0772718604820044,0.116167007364858,0.542327563897396,0.5,-0.245259458501632,0.39980317946564,3,2
union_native__matched__first_last,var_rms_radius_DiD,M1,2,0.289894763786861,0.0431536598511668,0.0940762291026727,0.5,-0.258424473397307,0.838214000971028,2,0
union_native__matched__first_last,var_rms_radius_DiD,M2,3,-0.0644767417212331,0.138729952657283,0.687789586323283,0.75,-0.661383551220104,0.532430067777638,1,2
union_native__matched__first_last,var_rms_radius_raw_DiD,pooled,5,0.465058905501937,0.836087618160184,0.60769893167584,0.5625,-1.85629246945539,2.78641028045926,3,2
union_native__matched__first_last,var_rms_radius_raw_DiD,M1,2,1.77812147263524,0.295206407405438,0.104737251150276,0.5,-1.97283157928885,5.52907452455933,2,0
union_native__matched__first_last,var_rms_radius_raw_DiD,M2,3,-0.4103161392536,1.15898270345975,0.757155861278105,0.75,-5.39701623202711,4.57638395351992,1,2
union_native__matched__first_last,var_signal_dimension_DiD,pooled,5,0.166148752600023,0.355039276138378,0.664164137029522,0.8125,-0.819598307787344,1.15189581298739,2,3
union_native__matched__first_last,var_signal_dimension_DiD,M1,2,0.62323529149079,0.863629211529492,0.602044654245725,1,-10.3502142863441,11.5966848693256,1,1
union_native__matched__first_last,var_signal_dimension_DiD,M2,3,-0.138575606660488,0.235556047312416,0.615921063417931,0.75,-1.15209147663825,0.874940263317271,1,2
union_native__matched__first_last,var_signal_distance_DiD,pooled,5,13.0667177872796,8.35317670504726,0.192798371210385,0.25,-10.1254187883011,36.2588543628603,3,2
union_native__matched__first_last,var_signal_distance_DiD,M1,2,29.9385256887184,8.7527645506015,0.181074419478801,0.5,-81.2758926987564,141.152944076193,2,0
union_native__matched__first_last,var_signal_distance_DiD,M2,3,1.81884585298708,6.99320829902737,0.819123814546,1,-28.2705009245296,31.9081926305038,1,2
union_native__matched__first_last,var_signal_radius_DiD,pooled,5,0.199182451251433,0.261039885730857,0.48796156696332,0.5625,-0.525580461747396,0.923945364250262,4,1
union_native__matched__first_last,var_signal_radius_DiD,M1,2,0.603694076862475,0.0602842025299708,0.0633620709683577,0.5,-0.162289342840355,1.3696774965653,2,0
union_native__matched__first_last,var_signal_radius_DiD,M2,3,-0.0704919658225953,0.36745427935926,0.865580617742646,1,-1.65152012396584,1.51053619232065,2,1
union_native__matched__first_last,var_within_sdi_DiD,pooled,5,3.69367717356297,4.78091909222943,0.48288095202078,0.6875,-9.58028223840411,16.96763658553,3,2
union_native__matched__first_last,var_within_sdi_DiD,M1,2,11.706106718917,10.7078705026182,0.471666017156745,0.5,-124.350288175795,147.762501613629,2,0
union_native__matched__first_last,var_within_sdi_DiD,M2,3,-1.64794252333971,1.518223113251,0.391140649988359,0.5,-8.18032934593783,4.88444429925842,1,2
union_native__matched__first_last,var_within_svm_DiD,pooled,5,2.66358606202601,4.99188025485129,0.62190099407096,0.75,-11.1960954372894,16.5232675613414,2,3
union_native__matched__first_last,var_within_svm_DiD,M1,2,5.67097047142234,14.6078208179643,0.764256187455817,1,-179.938991590987,191.280932533832,1,1
union_native__matched__first_last,var_within_svm_DiD,M2,3,0.658663122428449,2.62845460055417,0.825524350697926,1,-10.6506642396685,11.9679904845254,1,2
union_native__matched__calendar_thirds,global_RSA_Hyper_net,pooled,2,0.19801388163701,0.218926245304399,0.531904046007627,1,-2.58370781332269,2.97973557659671,1,1
union_native__matched__calendar_thirds,global_RSA_Hyper_net,M1,1,0.416940126941409,NaN,NaN,1,NaN,NaN,1,0
union_native__matched__calendar_thirds,global_RSA_Hyper_net,M2,1,-0.0209123636673887,NaN,NaN,1,NaN,NaN,0,1
union_native__matched__calendar_thirds,global_RSA_Polar_net,pooled,5,0.107514940394818,0.0284271711695369,0.0194002919814653,0.0625,0.0285884601465375,0.186441420643099,5,0
union_native__matched__calendar_thirds,global_RSA_Polar_net,M1,2,0.0602736108743315,0.000836091856328706,0.00883037308111895,0.5,0.0496500565695706,0.0708971651790924,2,0
union_native__matched__calendar_thirds,global_RSA_Polar_net,M2,3,0.139009160075143,0.0381259733543827,0.0676765805001024,0.25,-0.0250336632524473,0.303051983402732,3,0
union_native__matched__calendar_thirds,global_between_sdi,pooled,5,-0.0934587591580426,0.281906808850806,0.756891034783015,0.75,-0.876157538713793,0.689240020397708,2,3
union_native__matched__calendar_thirds,global_between_sdi,M1,2,-0.20438566517561,0.297313971844145,0.616597689399083,1,-3.9821178623526,3.57334653200138,1,1
union_native__matched__calendar_thirds,global_between_sdi,M2,3,-0.0195074884796644,0.47812513242862,0.971162067033105,1,-2.07671389468549,2.03769891772616,1,2
union_native__matched__calendar_thirds,global_between_svm,pooled,5,-0.555063137160536,1.27706231163779,0.686243515049035,0.625,-4.10075654133986,2.99063026701879,2,3
union_native__matched__calendar_thirds,global_between_svm,M1,2,-1.06275161030595,3.10441827697264,0.790023556295704,1,-40.508125824243,38.3826226036311,1,1
union_native__matched__calendar_thirds,global_between_svm,M2,3,-0.216604155063592,1.44243882944211,0.894410729694689,0.75,-6.42291752205929,5.9897092119321,1,2
union_native__matched__calendar_thirds,global_orthogonality_Hyper_minus_Grating,pooled,2,-1.59376462300618,3.21561368306478,0.707060684048777,1,-42.452010432472,39.2644811864596,1,1
union_native__matched__calendar_thirds,global_orthogonality_Hyper_minus_Grating,M1,1,-4.80937830607096,NaN,NaN,1,NaN,NaN,0,1
union_native__matched__calendar_thirds,global_orthogonality_Hyper_minus_Grating,M2,1,1.62184906005859,NaN,NaN,1,NaN,NaN,1,0
union_native__matched__calendar_thirds,global_orthogonality_Polar_minus_Grating,pooled,5,7.14489542643229,5.29602335548914,0.248613484622279,0.3125,-7.55922269592872,21.8490135487933,4,1
union_native__matched__calendar_thirds,global_orthogonality_Polar_minus_Grating,M1,2,9.12423006693522,2.49309476216634,0.169804453658224,0.5,-22.553542407835,40.8020025417055,2,0
union_native__matched__calendar_thirds,global_orthogonality_Polar_minus_Grating,M2,3,5.82533899943034,9.44693077072416,0.600313163234788,0.75,-34.8215234689802,46.4722014678408,2,1
union_native__matched__calendar_thirds,global_rms_radius_DiD,pooled,5,-0.371821268032485,0.401320664236918,0.406629139506334,0.5,-1.4860660618678,0.742423525802832,3,2
union_native__matched__calendar_thirds,global_rms_radius_DiD,M1,2,-0.846311666412707,0.98060048896262,0.546711301439354,1,-13.3060222435648,11.6133989107394,1,1
union_native__matched__calendar_thirds,global_rms_radius_DiD,M2,3,-0.0554943357790041,0.302087297660522,0.871184609658346,1,-1.35527107168069,1.24428240012268,2,1
union_native__matched__calendar_thirds,global_rms_radius_raw_DiD,pooled,5,-2.19514090798542,2.40392186049312,0.41282404022735,0.4375,-8.86949799082952,4.47921617485868,2,3
union_native__matched__calendar_thirds,global_rms_radius_raw_DiD,M1,2,-5.04844927077439,5.56780409339151,0.531119092186679,1,-75.7941080123184,65.6972094707696,1,1
union_native__matched__calendar_thirds,global_rms_radius_raw_DiD,M2,3,-0.29293533279277,2.09912783496523,0.901799502891751,0.75,-9.32475344199898,8.73888277641344,1,2
union_native__matched__calendar_thirds,global_signal_dimension_DiD,pooled,5,-0.0577889906384876,0.458525089051173,0.905787244601574,1,-1.330858729745,1.21528074846802,2,3
union_native__matched__calendar_thirds,global_signal_dimension_DiD,M1,2,0.410697717973983,1.1741161418407,0.785783506300739,1,-14.5078623643015,15.3292578002494,1,1
union_native__matched__calendar_thirds,global_signal_dimension_DiD,M2,3,-0.370113463046802,0.345496839406058,0.396186715067275,0.5,-1.85666638223709,1.11643945614349,1,2
union_native__matched__calendar_thirds,global_signal_radius_DiD,pooled,5,-0.383900304811323,0.304462131413592,0.27587248032186,0.375,-1.22922269929268,0.461422089670033,2,3
union_native__matched__calendar_thirds,global_signal_radius_DiD,M1,2,-0.655137882161022,0.832674483614926,0.575608594251578,1,-11.2352703495608,9.92499458523876,1,1
union_native__matched__calendar_thirds,global_signal_radius_DiD,M2,3,-0.203075253244856,0.192361401800652,0.40180159824255,0.5,-1.03073956380086,0.624589057311152,1,2
union_native__matched__calendar_thirds,var_between_sdi,pooled,3,-0.47682437119126,0.248291035029024,0.194776672781605,0.25,-1.54513447083121,0.591485728448691,0,3
union_native__matched__calendar_thirds,var_between_sdi,M1,1,-0.95349685928805,NaN,NaN,1,NaN,NaN,0,1
union_native__matched__calendar_thirds,var_between_sdi,M2,2,-0.238488127142865,0.12055214036285,0.297954524526315,0.5,-1.7702483039773,1.29327204969157,0,2
union_native__matched__calendar_thirds,var_between_svm,pooled,3,-3.20652942246859,2.81089147929184,0.372161860602376,0.5,-15.3008193188731,8.88776047393593,0,2
union_native__matched__calendar_thirds,var_between_svm,M1,1,-8.80878894767787,NaN,NaN,1,NaN,NaN,0,1
union_native__matched__calendar_thirds,var_between_svm,M2,2,-0.405399659863953,0.405399659863953,0.5,1,-5.55649073807092,4.74569141834302,0,1
union_native__matched__calendar_thirds,var_noise_variance_DiD,pooled,3,0.868885330623975,2.11086611794683,0.720534347886845,0.75,-8.2134385338956,9.95120919514355,2,1
union_native__matched__calendar_thirds,var_noise_variance_DiD,M1,1,-3.32831153448292,NaN,NaN,1,NaN,NaN,0,1
union_native__matched__calendar_thirds,var_noise_variance_DiD,M2,2,2.96748376317742,0.39360025449737,0.0839497752681491,0.5,-2.03368165467662,7.96864918103147,2,0
union_native__matched__calendar_thirds,var_rms_radius_DiD,pooled,3,-0.0308402820696495,0.132135444127561,0.837164695033076,0.75,-0.599373211441758,0.537692647302459,1,2
union_native__matched__calendar_thirds,var_rms_radius_DiD,M1,1,-0.0602489442826091,NaN,NaN,1,NaN,NaN,0,1
union_native__matched__calendar_thirds,var_rms_radius_DiD,M2,2,-0.0161359509631698,0.227443783657625,0.954910691367122,1,-2.90608323208718,2.87381133016084,1,1
union_native__matched__calendar_thirds,var_rms_radius_raw_DiD,pooled,3,-0.212478384590083,1.04845682551688,0.858148080289648,0.75,-4.72362400692476,4.29866723774459,1,2
union_native__matched__calendar_thirds,var_rms_radius_raw_DiD,M1,1,-0.272913257521623,NaN,NaN,1,NaN,NaN,0,1
union_native__matched__calendar_thirds,var_rms_radius_raw_DiD,M2,2,-0.182260948124313,1.81522611939095,0.936292596641741,1,-23.2468956635577,22.882373767309,1,1
union_native__matched__calendar_thirds,var_signal_dimension_DiD,pooled,3,-0.0924426352391262,0.222842445215099,0.718527633468864,0.75,-1.05125629044792,0.866371019969665,1,2
union_native__matched__calendar_thirds,var_signal_dimension_DiD,M1,1,-0.114069649955186,NaN,NaN,1,NaN,NaN,0,1
union_native__matched__calendar_thirds,var_signal_dimension_DiD,M2,2,-0.0816291278810961,0.385519740537611,0.867165416359259,1,-4.98012188098893,4.81686362522674,1,1
union_native__matched__calendar_thirds,var_signal_distance_DiD,pooled,3,10.9796999192556,8.4005018399821,0.321271088478041,0.5,-25.1647422538088,47.1241420923199,2,1
union_native__matched__calendar_thirds,var_signal_distance_DiD,M1,1,22.6623625666705,NaN,NaN,1,NaN,NaN,1,0
union_native__matched__calendar_thirds,var_signal_distance_DiD,M2,2,5.13836859554813,10.4566647928797,0.70922954708355,1,-127.726155120332,138.002892311428,1,1
union_native__matched__calendar_thirds,var_signal_radius_DiD,pooled,3,0.0681644764662942,0.420858586691147,0.886217035217542,1,-1.74264387039887,1.87897282333146,2,1
union_native__matched__calendar_thirds,var_signal_radius_DiD,M1,1,0.646592091343791,NaN,NaN,1,NaN,NaN,1,0
union_native__matched__calendar_thirds,var_signal_radius_DiD,M2,2,-0.221049330972454,0.529558278884729,0.748258493773035,1,-6.94972524221812,6.50762658027321,1,1
union_native__matched__calendar_thirds,var_within_sdi_DiD,pooled,3,9.44842007556082,9.73632569248229,0.43420069661876,0.75,-32.4436082429279,51.3404483940496,2,1
union_native__matched__calendar_thirds,var_within_sdi_DiD,M1,1,28.9144583703239,NaN,NaN,1,NaN,NaN,1,0
union_native__matched__calendar_thirds,var_within_sdi_DiD,M2,2,-0.284599071820731,0.439464219685983,0.634141317291703,1,-5.86852142137409,5.29932327773263,1,1
union_native__matched__calendar_thirds,var_within_svm_DiD,pooled,3,6.7031136668095,3.8537271829148,0.224096409556878,0.25,-9.87813611646855,23.2843634500875,3,0
union_native__matched__calendar_thirds,var_within_svm_DiD,M1,1,13.757696337544,NaN,NaN,1,NaN,NaN,1,0
union_native__matched__calendar_thirds,var_within_svm_DiD,M2,2,3.17582233144224,2.68854739726462,0.447224013300775,0.5,-30.9854113411117,37.3370560039961,2,0
union_common240__matched__thirds,global_RSA_Hyper_net,pooled,2,0.341728995353721,0.374264889061715,0.52890912104733,1,-4.41375731062614,5.09721530133358,1,1
union_common240__matched__thirds,global_RSA_Hyper_net,M1,1,0.715993884415436,NaN,NaN,1,NaN,NaN,1,0
union_common240__matched__thirds,global_RSA_Hyper_net,M2,1,-0.0325358937079938,NaN,NaN,1,NaN,NaN,0,1
union_common240__matched__thirds,global_RSA_Polar_net,pooled,5,0.0985046633024686,0.0250858030361561,0.0171504535076003,0.0625,0.0288553082527769,0.16815401835216,5,0
union_common240__matched__thirds,global_RSA_Polar_net,M1,2,0.0648061955809413,0.00213260984747761,0.0209420076195466,0.5,0.0377088182365085,0.0919035729253741,2,0
union_common240__matched__thirds,global_RSA_Polar_net,M2,3,0.120970308450153,0.0382787259031057,0.0872267490835997,0.25,-0.0437297560481756,0.285670372948483,3,0
union_common240__matched__thirds,global_between_sdi,pooled,5,-0.144975452147649,0.246386547490172,0.58787888890044,0.625,-0.82905417591332,0.539103271618023,2,3
union_common240__matched__thirds,global_between_sdi,M1,2,-0.221916033441909,0.298666565184398,0.593186817932791,1,-4.01683455852494,3.57300249164112,1,1
union_common240__matched__thirds,global_between_sdi,M2,3,-0.0936817312848084,0.411499359631899,0.841066598061802,1,-1.86422057429516,1.67685711172554,1,2
union_common240__matched__thirds,global_between_svm,pooled,5,-0.94243782387733,1.61993498761452,0.591929410266821,0.5625,-5.44009839097831,3.55522274322365,2,3
union_common240__matched__thirds,global_between_svm,M1,2,-1.70800623993559,3.47189512882449,0.708944685794138,1,-45.8226165693072,42.406604089436,1,1
union_common240__matched__thirds,global_between_svm,M2,3,-0.432058879838489,2.09849254275365,0.855932477217888,0.75,-9.46114354727636,8.59702578759938,1,2
union_common240__matched__thirds,global_orthogonality_Hyper_minus_Grating,pooled,2,0.436564763387043,0.433697382609051,0.497902442728344,0.5,-5.07408297358664,5.94721250036073,2,0
union_common240__matched__thirds,global_orthogonality_Hyper_minus_Grating,M1,1,0.00286738077799242,NaN,NaN,1,NaN,NaN,1,0
union_common240__matched__thirds,global_orthogonality_Hyper_minus_Grating,M2,1,0.870262145996094,NaN,NaN,1,NaN,NaN,1,0
union_common240__matched__thirds,global_orthogonality_Polar_minus_Grating,pooled,5,8.77350260416667,5.65692517834912,0.195859056699901,0.25,-6.93263961773089,24.4796448260642,4,1
union_common240__matched__thirds,global_orthogonality_Polar_minus_Grating,M1,2,12.7321211496989,2.08790906270345,0.103476699819847,0.5,-13.7972788715257,39.2615211709235,2,0
union_common240__matched__thirds,global_orthogonality_Polar_minus_Grating,M2,3,6.13442357381185,9.82396546713806,0.596079974226384,0.75,-36.1346882603342,48.4035354079579,2,1
union_common240__matched__thirds,global_rms_radius_DiD,pooled,5,-0.201164121312886,0.218605172589937,0.409533617969184,0.3125,-0.808109382721137,0.405781140095364,1,4
union_common240__matched__thirds,global_rms_radius_DiD,M1,2,-0.426580641163906,0.390940763205397,0.472264097895475,0.5,-5.39395401816807,4.54079273584026,0,2
union_common240__matched__thirds,global_rms_radius_DiD,M2,3,-0.0508864414122063,0.283054679911204,0.873893997727914,0.75,-1.26877243260051,1.1669995497761,1,2
union_common240__matched__thirds,global_rms_radius_raw_DiD,pooled,5,-1.3108142958633,1.44167068096618,0.414657371637901,0.375,-5.31353380133902,2.69190520961242,1,4
union_common240__matched__thirds,global_rms_radius_raw_DiD,M1,2,-2.80205419326548,2.15365658265872,0.417176117861286,0.5,-30.1668556639375,24.5627472774065,0,2
union_common240__matched__thirds,global_rms_radius_raw_DiD,M2,3,-0.316654364261844,2.03630216008814,0.890700415533614,1,-9.07815541195978,8.4448466834361,1,2
union_common240__matched__thirds,global_signal_dimension_DiD,pooled,5,-0.044845906477754,0.314120354852193,0.893377277355105,0.8125,-0.916983828150118,0.82729201519461,2,3
union_common240__matched__thirds,global_signal_dimension_DiD,M1,2,0.388763965366928,0.478628875574673,0.565721543618532,1,-5.69279252032995,6.47032045106381,1,1
union_common240__matched__thirds,global_signal_dimension_DiD,M2,3,-0.333919154374209,0.384823698965093,0.47702451621829,0.5,-1.98968189319865,1.32184358445023,1,2
union_common240__matched__thirds,global_signal_radius_DiD,pooled,5,-0.210651134899647,0.0820979107767559,0.0622512521670238,0.0625,-0.438591477422736,0.0172892076234421,0,5
union_common240__matched__thirds,global_signal_radius_DiD,M1,2,-0.0993619512491686,0.0700474802106876,0.390919981809263,0.5,-0.989399576059311,0.790675673560974,0,2
union_common240__matched__thirds,global_signal_radius_DiD,M2,3,-0.284843923999966,0.118112774818389,0.137380277765927,0.25,-0.793042176990591,0.22335432899066,0,3
union_common240__matched__thirds,var_between_sdi,pooled,5,-0.345504715430942,0.270052946480924,0.269930292377654,0.5,-1.09529189683215,0.404282465970262,3,2
union_common240__matched__thirds,var_between_sdi,M1,2,-0.549005626469999,0.659612263343428,0.558098412451362,1,-8.93017409100317,7.83216283806317,1,1
union_common240__matched__thirds,var_between_sdi,M2,3,-0.209837441404904,0.27396871258171,0.523772044657564,1,-1.38862967046054,0.968954787650735,2,1
union_common240__matched__thirds,var_between_svm,pooled,5,-2.33006668155481,2.1884799905259,0.347015437984132,0.3125,-8.40626123907377,3.74612787596415,1,4
union_common240__matched__thirds,var_between_svm,M1,2,-4.49975949975956,6.26743626743629,0.603591330897377,1,-84.1350878847316,75.1355688852125,1,1
union_common240__matched__thirds,var_between_svm,M2,3,-0.883604802751644,0.505880238571496,0.222808284416745,0.25,-3.0602317921676,1.29302218666431,0,3
union_common240__matched__thirds,var_noise_variance_DiD,pooled,5,12.533179496616,13.9521443168522,0.419811313213524,0.625,-26.2041832989215,51.2705422921535,3,2
union_common240__matched__thirds,var_noise_variance_DiD,M1,2,32.8592622836916,34.8330608821149,0.518557544247975,1,-409.736740872098,475.455265439482,1,1
union_common240__matched__thirds,var_noise_variance_DiD,M2,3,-1.01754236143444,3.85998463672108,0.816753764046312,1,-17.6257157954134,15.5906310725445,2,1
union_common240__matched__thirds,var_rms_radius_DiD,pooled,5,0.0262476041801751,0.110102071446032,0.823290774060807,0.75,-0.279444753158299,0.33193996151865,3,2
union_common240__matched__thirds,var_rms_radius_DiD,M1,2,0.129947196059039,0.116793907876655,0.466095130636317,0.5,-1.35406010935967,1.61395450147775,2,0
union_common240__matched__thirds,var_rms_radius_DiD,M2,3,-0.0428854570724007,0.172878732889946,0.827228184781775,1,-0.786722609056956,0.700951694912155,1,2
union_common240__matched__thirds,var_rms_radius_raw_DiD,pooled,5,0.149078193286792,0.78117020944318,0.85794602324879,0.75,-2.01979801104806,2.31795439762164,3,2
union_common240__matched__thirds,var_rms_radius_raw_DiD,M1,2,0.876139626067982,0.606775439161822,0.385608398894845,0.5,-6.83367333280445,8.58595258494041,2,0
union_common240__matched__thirds,var_rms_radius_raw_DiD,M2,3,-0.335629428567335,1.27188337811582,0.816571887561814,1,-5.80810191734034,5.13684306020567,1,2
union_common240__matched__thirds,var_signal_dimension_DiD,pooled,5,0.172203196211528,0.329207014190511,0.628553157706343,1,-0.741822006934497,1.08622839935755,1,4
union_common240__matched__thirds,var_signal_dimension_DiD,M1,2,0.638059154537905,0.848805348482377,0.589636559164835,1,-10.1470353844393,11.4231536935151,1,1
union_common240__matched__thirds,var_signal_dimension_DiD,M2,3,-0.138367442672722,0.0230875565069254,0.0267299593148245,0.25,-0.23770518070049,-0.0390297046449548,0,3
union_common240__matched__thirds,var_signal_distance_DiD,pooled,5,10.4332292405403,9.28513231219873,0.324036774659397,0.4375,-15.3464309187777,36.2128893998583,4,1
union_common240__matched__thirds,var_signal_distance_DiD,M1,2,27.724152338075,10.9671379012449,0.239808803138691,0.5,-111.626547205004,167.074851881154,2,0
union_common240__matched__thirds,var_signal_distance_DiD,M2,3,-1.09405282448281,9.01046313146894,0.914457613395199,1,-39.8629466134045,37.6748409644389,2,1
union_common240__matched__thirds,var_signal_radius_DiD,pooled,5,0.159577045062013,0.227868121532825,0.522329176147537,0.625,-0.473086285598415,0.792240375722441,3,2
union_common240__matched__thirds,var_signal_radius_DiD,M1,2,0.534946927383977,0.00846294694852689,0.0100705877162116,0.5,0.42741499078461,0.642478863983345,2,0
union_common240__matched__thirds,var_signal_radius_DiD,M2,3,-0.0906695431526291,0.307857979006512,0.79611898418301,0.75,-1.41527551690015,1.23393643059489,1,2
union_common240__matched__thirds,var_within_sdi_DiD,pooled,5,2.5109771815647,4.96456542931633,0.639611056674723,0.8125,-11.2728662040948,16.2948205672242,3,2
union_common240__matched__thirds,var_within_sdi_DiD,M1,2,11.0838468660716,10.0856106497727,0.470002702256823,0.5,-117.065986939285,139.233680671428,2,0
union_common240__matched__thirds,var_within_sdi_DiD,M2,3,-3.2042692747732,2.72393092963445,0.360512434328658,0.5,-14.9243981248139,8.51585957526747,1,2
union_common240__matched__thirds,var_within_svm_DiD,pooled,5,-0.506944060384455,3.41272084914176,0.889100134840961,0.9375,-9.98217615739055,8.96828803662164,3,2
union_common240__matched__thirds,var_within_svm_DiD,M1,2,-0.283854343420379,8.65299600312159,0.979123703659225,1,-110.230593140385,109.662884453544,1,1
union_common240__matched__thirds,var_within_svm_DiD,M2,3,-0.655670538360505,3.71973779281723,0.876316759506486,1,-16.6604105065778,15.3490694298568,2,1
union_common240__matched__thirds,var_within_svm_loo_DiD,pooled,5,-1.00409398674552,5.59040057749956,0.866189957533001,0.875,-16.5255343062391,14.5173463327481,3,2
union_common240__matched__thirds,var_within_svm_loo_DiD,M1,2,-2.91168759275821,14.2320101334638,0.871528572766627,1,-183.746522155862,177.923146970346,1,1
union_common240__matched__thirds,var_within_svm_loo_DiD,M2,3,0.267635083929603,5.8853155712773,0.967860887550409,1,-25.0548340242637,25.5901041921229,2,1
union_common240__matched__halves,global_RSA_Hyper_net,pooled,2,0.355487530302461,0.315981396735577,0.462587359357818,0.5,-3.65943678944223,4.37041185004715,2,0
union_common240__matched__halves,global_RSA_Hyper_net,M1,1,0.671468927038039,NaN,NaN,1,NaN,NaN,1,0
union_common240__matched__halves,global_RSA_Hyper_net,M2,1,0.0395061335668839,NaN,NaN,1,NaN,NaN,1,0
union_common240__matched__halves,global_RSA_Polar_net,pooled,5,0.0940606752864746,0.0207971660132864,0.0106358657899977,0.0625,0.0363184855068998,0.15180286506605,5,0
union_common240__matched__halves,global_RSA_Polar_net,M1,2,0.0967142200510553,0.0340406343175916,0.215451197730285,0.5,-0.335813048937519,0.529241489039629,2,0
union_common240__matched__halves,global_RSA_Polar_net,M2,3,0.0922916454434208,0.0324279758716754,0.104466513158358,0.25,-0.047234673461093,0.231817964347935,3,0
union_common240__matched__halves,global_between_sdi,pooled,5,-0.136509786682449,0.160657678481291,0.443361333629187,0.5,-0.58256701171427,0.309547438349372,2,3
union_common240__matched__halves,global_between_sdi,M1,2,-0.214247586229102,0.290998117971592,0.59597348285478,1,-3.91172925101766,3.48323407855946,1,1
union_common240__matched__halves,global_between_sdi,M2,3,-0.0846845869846805,0.23335027278253,0.751439094593309,1,-1.08870977516022,0.919340601190855,1,2
union_common240__matched__halves,global_between_svm,pooled,5,-0.703285027938199,1.10380375706487,0.558670235536296,0.625,-3.76793556633989,2.36136551046349,3,2
union_common240__matched__halves,global_between_svm,M1,2,-1.09737318840579,2.86126207729469,0.766853321184069,1,-37.4531549463646,35.258408569553,1,1
union_common240__matched__halves,global_between_svm,M2,3,-0.440559587626472,1.11626821783406,0.73119626107743,1,-5.24347408222275,4.3623549069698,2,1
union_common240__matched__halves,global_orthogonality_Hyper_minus_Grating,pooled,2,-6.50091400146485,5.8194450378418,0.464822860308796,0.5,-80.4439741031986,67.4421461002689,0,2
union_common240__matched__halves,global_orthogonality_Hyper_minus_Grating,M1,1,-12.3203590393066,NaN,NaN,1,NaN,NaN,0,1
union_common240__matched__halves,global_orthogonality_Hyper_minus_Grating,M2,1,-0.681468963623047,NaN,NaN,1,NaN,NaN,0,1
union_common240__matched__halves,global_orthogonality_Polar_minus_Grating,pooled,5,4.86495402018229,5.82542755154887,0.450625503323716,0.4375,-11.3090257909999,21.0389338313645,3,2
union_common240__matched__halves,global_orthogonality_Polar_minus_Grating,M1,2,5.80843772888184,9.01159248352051,0.63551249773472,1,-108.694701365703,120.311576823466,1,1
union_common240__matched__halves,global_orthogonality_Polar_minus_Grating,M2,3,4.23596488104926,9.24957044011776,0.691921683376565,0.75,-35.5617246221333,44.0336543842319,2,1
union_common240__matched__halves,global_rms_radius_DiD,pooled,5,-0.103903086769551,0.150244823962265,0.527258331641009,0.5,-0.521049592840886,0.313243419301784,1,4
union_common240__matched__halves,global_rms_radius_DiD,M1,2,-0.15058758464582,0.114947706687311,0.415061161582191,0.5,-1.61113667976855,1.30996151047691,0,2
union_common240__matched__halves,global_rms_radius_DiD,M2,3,-0.0727800881853714,0.263874775918795,0.80857731185076,0.75,-1.2081416131044,1.06258143673366,1,2
union_common240__matched__halves,global_rms_radius_raw_DiD,pooled,5,-0.671450303147077,1.01448144038229,0.544241729097342,0.5,-3.4881023326105,2.14520172631635,1,4
union_common240__matched__halves,global_rms_radius_raw_DiD,M1,2,-1.1824756833951,0.534078072788333,0.270075944903588,0.5,-7.96858102134526,5.60362965455507,0,2
union_common240__matched__halves,global_rms_radius_raw_DiD,M2,3,-0.330766716315064,1.78617297055327,0.870165051074695,0.75,-8.0160487238708,7.35451529124067,1,2
union_common240__matched__halves,global_signal_dimension_DiD,pooled,5,-0.205216351774625,0.217423428140041,0.398686511751465,0.3125,-0.808880564589365,0.398447861040116,1,4
union_common240__matched__halves,global_signal_dimension_DiD,M1,2,0.179235579355169,0.269100489562914,0.62593581773361,1,-3.24001033563606,3.59848149434639,1,1
union_common240__matched__halves,global_signal_dimension_DiD,M2,3,-0.461517639194487,0.226550645779723,0.178540513203112,0.25,-1.43628639368512,0.513251115296143,0,3
union_common240__matched__halves,global_signal_radius_DiD,pooled,5,0.0289932110373932,0.207897442117538,0.895827247863905,0.9375,-0.548222624512987,0.606209046587774,2,3
union_common240__matched__halves,global_signal_radius_DiD,M1,2,0.366330621252817,0.395645092291298,0.524479747342404,1,-4.66081692426315,5.39347816676878,1,1
union_common240__matched__halves,global_signal_radius_DiD,M2,3,-0.195898395772889,0.169329604405675,0.36682058595781,0.5,-0.924464880396362,0.532668088850583,1,2
union_common240__matched__halves,var_between_sdi,pooled,5,-0.431290472140133,0.196623466842276,0.0933284556211509,0.125,-0.977204734221391,0.114623789941125,1,4
union_common240__matched__halves,var_between_sdi,M1,2,-0.426560328076113,0.537166964949542,0.572746331320611,1,-7.25191376223457,6.39879310608234,1,1
union_common240__matched__halves,var_between_sdi,M2,3,-0.434443901516147,0.180759728608212,0.138133089989131,0.25,-1.21219024124104,0.343302438208748,0,3
union_common240__matched__halves,var_between_svm,pooled,5,-2.02033572688335,1.87048961610608,0.340869216404684,0.3125,-7.21364746584439,3.17297601207769,1,4
union_common240__matched__halves,var_between_svm,M1,2,-3.67744909411579,5.44512586179252,0.62184748225189,1,-72.8643331082912,65.5094349200596,1,1
union_common240__matched__halves,var_between_svm,M2,3,-0.915593482061728,0.503722984633564,0.210749561013922,0.25,-3.08293855693288,1.25175159280942,0,3
union_common240__matched__halves,var_noise_variance_DiD,pooled,5,11.6605845238131,14.1157229472063,0.455187032104515,0.8125,-27.530945359286,50.8521144069122,3,2
union_common240__matched__halves,var_noise_variance_DiD,M1,2,32.7215384886841,34.9707846771224,0.521145499255229,1,-411.624411403515,477.067488380883,1,1
union_common240__matched__halves,var_noise_variance_DiD,M2,3,-2.38005145276754,3.17844786221779,0.532059543123017,1,-16.0558088235053,11.2957059179702,2,1
union_common240__matched__halves,var_rms_radius_DiD,pooled,5,0.00384149751730067,0.0958806196819539,0.969960978194402,1,-0.262365779681991,0.270048774716593,3,2
union_common240__matched__halves,var_rms_radius_DiD,M1,2,0.162484659000857,0.0842564449348373,0.30454448804978,0.5,-0.908094980683416,1.23306429868513,2,0
union_common240__matched__halves,var_rms_radius_DiD,M2,3,-0.101920610138403,0.119562669736746,0.483761121596205,0.5,-0.616357257457348,0.412516037180542,1,2
union_common240__matched__halves,var_rms_radius_raw_DiD,pooled,5,-0.0178355114895737,0.665202081383639,0.979893883436514,1,-1.86473257431456,1.82906155133541,3,2
union_common240__matched__halves,var_rms_radius_raw_DiD,M1,2,1.03962366075025,0.443291404479552,0.256591194141321,0.5,-4.59292768235337,6.67217500385387,2,0
union_common240__matched__halves,var_rms_radius_raw_DiD,M2,3,-0.722808292982791,0.887830874765803,0.501088858777837,0.5,-4.54283622984973,3.09721964388414,1,2
union_common240__matched__halves,var_signal_dimension_DiD,pooled,5,0.187551626470444,0.332751125176525,0.603098734376675,0.9375,-0.736313606274975,1.11141685921586,2,3
union_common240__matched__halves,var_signal_dimension_DiD,M1,2,0.54481205203559,0.942052450984692,0.666201682024062,1,-11.4250992623911,12.5147233664623,1,1
union_common240__matched__halves,var_signal_dimension_DiD,M2,3,-0.0506219905729857,0.0484605447687439,0.405861334723625,0.5,-0.259130885807368,0.157886904661396,1,2
union_common240__matched__halves,var_signal_distance_DiD,pooled,5,9.14082070557397,9.72015570113698,0.400257563038296,0.375,-17.8466580126082,36.1282994237561,3,2
union_common240__matched__halves,var_signal_distance_DiD,M1,2,30.2129408093702,8.47834942994968,0.174168571017119,0.5,-77.5147028724005,137.940584491141,2,0
union_common240__matched__halves,var_signal_distance_DiD,M2,3,-4.90725936362353,6.65519304434362,0.537676796959552,0.75,-33.5422438828782,23.7277251556312,1,2
union_common240__matched__halves,var_signal_radius_DiD,pooled,5,0.162413525029245,0.239985732285164,0.535672887140847,0.5,-0.503893686691207,0.828720736749697,3,2
union_common240__matched__halves,var_signal_radius_DiD,M1,2,0.655580938887983,0.112171064555479,0.107882091624744,0.5,-0.769687572828596,2.08084945060456,2,0
union_common240__matched__halves,var_signal_radius_DiD,M2,3,-0.16636475087658,0.229486629332683,0.54383014225065,0.75,-1.15376602301585,0.821036521262693,1,2
union_common240__matched__halves,var_within_sdi_DiD,pooled,5,4211791.88793629,4211787.1802055,0.373900486421673,0.3125,-7482004.0126801,15905587.7885527,4,1
union_common240__matched__halves,var_within_sdi_DiD,M1,2,13.5515826085792,12.5533463922804,0.475667911892356,0.5,-145.953806775856,173.056971993014,2,0
union_common240__matched__halves,var_within_sdi_DiD,M2,3,7019644.11217208,7019648.24828566,0.42264995760113,0.75,-23183464.5851952,37222752.8095394,2,1
union_common240__matched__halves,var_within_svm_DiD,pooled,5,0.0273578544585728,3.96747018170927,0.994828395261241,1,-10.9881053115663,11.0428210204835,2,3
union_common240__matched__halves,var_within_svm_DiD,M1,2,1.45090993811193,10.3877602846539,0.911651735391855,1,-130.538098989005,133.439918865229,1,1
union_common240__matched__halves,var_within_svm_DiD,M2,3,-0.921676867976999,3.92110238770648,0.83603994349097,0.75,-17.7928187600694,15.9494650241154,1,2
union_common240__matched__halves,var_within_svm_loo_DiD,pooled,5,-1.62537181256163,5.57135940577211,0.784992155404142,0.875,-17.0939453640153,13.843201738892,3,2
union_common240__matched__halves,var_within_svm_loo_DiD,M1,2,-2.0210171456931,15.1226805805289,0.915422346908848,1,-194.172892761667,190.130858470281,1,1
union_common240__matched__halves,var_within_svm_loo_DiD,M2,3,-1.36160825714065,5.21037734694797,0.81829070783179,1,-23.7800525720111,21.0568360577298,2,1
union_common240__matched__first_last,global_RSA_Hyper_net,pooled,2,0.481220104123448,0.513755997831442,0.520810163306287,1,-6.04666878876058,7.00910899700748,1,1
union_common240__matched__first_last,global_RSA_Hyper_net,M1,1,0.994976101954891,NaN,NaN,1,NaN,NaN,1,0
union_common240__matched__first_last,global_RSA_Hyper_net,M2,1,-0.0325358937079938,NaN,NaN,1,NaN,NaN,0,1
union_common240__matched__first_last,global_RSA_Polar_net,pooled,5,0.108801076341083,0.0804724153033698,0.247756268797274,0.25,-0.114626167231402,0.332228319913569,4,1
union_common240__matched__first_last,global_RSA_Polar_net,M1,2,-0.0181184081317968,0.0807919938652605,0.859555352652281,1,-1.04467802322757,1.00844120696397,1,1
union_common240__matched__first_last,global_RSA_Polar_net,M2,3,0.19341406598967,0.102279286612827,0.199174396215818,0.25,-0.246658185751838,0.633486317731178,3,0
union_common240__matched__first_last,global_between_sdi,pooled,5,-0.200220917968339,0.276099574446615,0.508494739515829,0.5,-0.966796229987837,0.566354394051159,2,3
union_common240__matched__first_last,global_between_sdi,M1,2,-0.231801672623891,0.30855220436638,0.589823067911243,1,-4.15232915310113,3.68872580785335,1,1
union_common240__matched__first_last,global_between_sdi,M2,3,-0.179167081531304,0.47097170727797,0.740236480868131,0.75,-2.20559478348563,1.84726062042302,1,2
union_common240__matched__first_last,global_between_svm,pooled,5,-0.62479023646072,1.95325679446903,0.765076864398576,0.8125,-6.04790050265858,4.79832002973714,3,2
union_common240__matched__first_last,global_between_svm,M1,2,-2.3479770531401,4.111865942029,0.669695171602521,1,-54.5941875602644,49.8982334539842,1,1
union_common240__matched__first_last,global_between_svm,M2,3,0.524000974658866,2.3306454650218,0.842992349517225,1,-9.5039570974954,10.5519590468131,2,1
union_common240__matched__first_last,global_orthogonality_Hyper_minus_Grating,pooled,2,-9.36636543273926,10.2366275787354,0.528243776333976,1,-139.435051256123,120.702320390644,1,1
union_common240__matched__first_last,global_orthogonality_Hyper_minus_Grating,M1,1,-19.6029930114746,NaN,NaN,1,NaN,NaN,0,1
union_common240__matched__first_last,global_orthogonality_Hyper_minus_Grating,M2,1,0.870262145996094,NaN,NaN,1,NaN,NaN,1,0
union_common240__matched__first_last,global_orthogonality_Polar_minus_Grating,pooled,5,8.84073104858398,9.31537263025711,0.396337028369553,0.4375,-17.0228896937869,34.7043517909548,3,2
union_common240__matched__first_last,global_orthogonality_Polar_minus_Grating,M1,2,3.57281303405762,11.2472171783447,0.804188081554169,1,-139.336631146212,146.482257214327,1,1
union_common240__matched__first_last,global_orthogonality_Polar_minus_Grating,M2,3,12.3526763916016,15.2207115230344,0.502267691700101,0.75,-53.1367595917114,77.8421123749145,2,1
union_common240__matched__first_last,global_rms_radius_DiD,pooled,5,-0.386329599400521,0.312005155333435,0.28334107632587,0.1875,-1.25259478572251,0.479935586921471,1,4
union_common240__matched__first_last,global_rms_radius_DiD,M1,2,-0.723498702295327,0.687858824336818,0.483927368030857,0.5,-9.46357375390336,8.01657634931271,0,2
union_common240__matched__first_last,global_rms_radius_DiD,M2,3,-0.16155019747065,0.321895808237989,0.66555856944671,0.5,-1.54655607548074,1.22345568053944,1,2
union_common240__matched__first_last,global_rms_radius_raw_DiD,pooled,5,-2.62350036030507,2.02970225398034,0.265775314401795,0.25,-8.25885724837772,3.01185652776758,1,4
union_common240__matched__first_last,global_rms_radius_raw_DiD,M1,2,-4.666709091535,4.01831148092824,0.452559883344311,0.5,-55.7241974619306,46.3907792788605,0,2
union_common240__matched__first_last,global_rms_radius_raw_DiD,M2,3,-1.26136120615177,2.45575845093925,0.658624082362857,0.75,-11.8276370086909,9.30491459638731,1,2
union_common240__matched__first_last,global_signal_dimension_DiD,pooled,5,0.0747888660355909,0.434454586925197,0.871682721223726,0.9375,-1.1314504452636,1.28102817733478,2,3
union_common240__matched__first_last,global_signal_dimension_DiD,M1,2,0.731436129772815,0.82130103998056,0.536803415602114,1,-9.70418303425337,11.167055293799,1,1
union_common240__matched__first_last,global_signal_dimension_DiD,M2,3,-0.362975976455892,0.405926827467839,0.465578496359519,0.5,-2.10953814873893,1.38358619582715,1,2
union_common240__matched__first_last,global_signal_radius_DiD,pooled,5,-0.474533335749267,0.181026374595474,0.0587162172247303,0.0625,-0.977143127406574,0.0280764559080393,0,5
union_common240__matched__first_last,global_signal_radius_DiD,M1,2,-0.545311860091516,0.515997389053035,0.482420366035824,0.5,-7.10168032873097,6.01105660854793,0,2
union_common240__matched__first_last,global_signal_radius_DiD,M2,3,-0.427347652854435,0.133044910924615,0.084780480321811,0.25,-0.999793702023505,0.145098396314635,0,3
union_common240__matched__first_last,var_between_sdi,pooled,5,-0.41062408031426,0.435494886521985,0.399124532988075,0.5,-1.61975172633689,0.798503565708374,3,2
union_common240__matched__first_last,var_between_sdi,M1,2,-0.924138307396408,1.03474494426984,0.535908052764297,1,-14.0718194190106,12.2235428042178,1,1
union_common240__matched__first_last,var_between_sdi,M2,3,-0.0682812622594942,0.358871422262293,0.866662502621419,1,-1.61238036688542,1.47581784236643,2,1
union_common240__matched__first_last,var_between_svm,pooled,5,-3.73293479007769,3.62240342517723,0.360999881036972,0.3125,-13.7903390489627,6.32446946880736,1,4
union_common240__matched__first_last,var_between_svm,M1,2,-8.13622334455677,9.9039001122335,0.562181228912848,1,-133.977205857219,117.704759168106,1,1
union_common240__matched__first_last,var_between_svm,M2,3,-0.797409087091642,0.521507906911871,0.265863915552749,0.25,-3.04127650635193,1.44645833216865,0,3
union_common240__matched__first_last,var_noise_variance_DiD,pooled,5,12.4524294960572,13.9536600734067,0.42260674512112,0.625,-26.2891417143469,51.1940007064612,3,2
union_common240__matched__first_last,var_noise_variance_DiD,M1,2,34.7755898868192,32.9167332789873,0.482522574242276,0.5,-383.471162402049,453.022342175687,2,0
union_common240__matched__first_last,var_noise_variance_DiD,M2,3,-2.42967743111754,3.31641447763406,0.540016454366321,0.75,-16.6990572362903,11.8397023740553,1,2
union_common240__matched__first_last,var_rms_radius_DiD,pooled,5,0.0725006351979093,0.11937584849634,0.576419851432991,0.5625,-0.258939855038586,0.403941125434405,3,2
union_common240__matched__first_last,var_rms_radius_DiD,M1,2,0.289894763786861,0.0431536598511668,0.0940762291026727,0.5,-0.258424473397307,0.838214000971028,2,0
union_common240__matched__first_last,var_rms_radius_DiD,M2,3,-0.0724287838613916,0.143616017880332,0.664108902423477,0.75,-0.690358635229947,0.545501067507164,1,2
union_common240__matched__first_last,var_rms_radius_raw_DiD,pooled,5,0.4425011598456,0.84237529582729,0.627144961557031,0.5,-1.89630760699362,2.78130992668482,3,2
union_common240__matched__first_last,var_rms_radius_raw_DiD,M1,2,1.77812147263524,0.295206407405438,0.104737251150276,0.5,-1.97283157928885,5.52907452455933,2,0
union_common240__matched__first_last,var_rms_radius_raw_DiD,M2,3,-0.447912382014162,1.15983885863522,0.736571248003466,1,-5.4382962131905,4.54247144916217,1,2
union_common240__matched__first_last,var_signal_dimension_DiD,pooled,5,0.180793036093071,0.327907207122938,0.610740477593477,1,-0.729623324082488,1.09120939626863,1,4
union_common240__matched__first_last,var_signal_dimension_DiD,M1,2,0.62323529149079,0.863629211529492,0.602044654245725,1,-10.3502142863441,11.5966848693256,1,1
union_common240__matched__first_last,var_signal_dimension_DiD,M2,3,-0.114168467505409,0.0322354233494966,0.0713001602351999,0.25,-0.25286629977475,0.0245293647639322,0,3
union_common240__matched__first_last,var_signal_distance_DiD,pooled,5,11.2179652951958,9.50498754564144,0.303304833460664,0.3125,-15.1721108508664,37.608041441258,4,1
union_common240__matched__first_last,var_signal_distance_DiD,M1,2,29.9385256887184,8.7527645506015,0.181074419478801,0.5,-81.2758926987564,141.152944076193,2,0
union_common240__matched__first_last,var_signal_distance_DiD,M2,3,-1.2624083004859,8.99514732268669,0.901247401233612,1,-39.9654034829423,37.4405868819705,2,1
union_common240__matched__first_last,var_signal_radius_DiD,pooled,5,0.251870182399265,0.266318464773964,0.397828775792151,0.4375,-0.4875484155462,0.991288780344729,3,2
union_common240__matched__first_last,var_signal_radius_DiD,M1,2,0.603694076862475,0.0602842025299708,0.0633620709683577,0.5,-0.162289342840355,1.3696774965653,2,0
union_common240__matched__first_last,var_signal_radius_DiD,M2,3,0.0173209194237914,0.407970985023107,0.969992414857227,1,-1.73803655294445,1.77267839179204,1,2
union_common240__matched__first_last,var_within_sdi_DiD,pooled,5,1.53847785500869,5.43940233040915,0.791333101421361,0.9375,-13.5637241204573,16.6406798304746,2,3
union_common240__matched__first_last,var_within_sdi_DiD,M1,2,11.706106718917,10.7078705026182,0.471666017156745,0.5,-124.350288175795,147.762501613629,2,0
union_common240__matched__first_last,var_within_sdi_DiD,M2,3,-5.23994138759685,1.7235001753018,0.0932931334509126,0.25,-12.6555641215828,2.17568134638912,0,3
union_common240__matched__first_last,var_within_svm_DiD,pooled,5,0.951232242052077,5.28549622208065,0.865925410545882,0.875,-13.7236578722852,15.6261223563893,2,3
union_common240__matched__first_last,var_within_svm_DiD,M1,2,5.67097047142234,14.6078208179643,0.764256187455817,1,-179.938991590987,191.280932533832,1,1
union_common240__matched__first_last,var_within_svm_DiD,M2,3,-2.19525991086143,3.10106034716286,0.552382053682119,0.75,-15.5380456786995,11.1475258569767,1,2
union_common240__matched__first_last,var_within_svm_loo_DiD,pooled,5,0.670059941406992,7.05536035502192,0.92890471444855,0.9375,-18.9187607817002,20.2588806645142,3,2
union_common240__matched__first_last,var_within_svm_loo_DiD,M1,2,2.77983022312186,19.9235279493439,0.91174537455539,1,-250.37259496814,255.932255414384,1,1
union_common240__matched__first_last,var_within_svm_loo_DiD,M2,3,-0.736453579736251,5.58019056946142,0.907082305559714,1,-24.7460757659516,23.2731686064791,2,1
union_common240__matched__calendar_thirds,global_RSA_Hyper_net,pooled,2,0.192202116616708,0.224738010324702,0.549578107928737,1,-2.66336505456949,3.04776928780291,1,1
union_common240__matched__calendar_thirds,global_RSA_Hyper_net,M1,1,0.416940126941409,NaN,NaN,1,NaN,NaN,1,0
union_common240__matched__calendar_thirds,global_RSA_Hyper_net,M2,1,-0.0325358937079938,NaN,NaN,1,NaN,NaN,0,1
union_common240__matched__calendar_thirds,global_RSA_Polar_net,pooled,5,0.0956495256179623,0.024943410772127,0.0185439927123643,0.0625,0.0263955148727524,0.164903536363172,5,0
union_common240__matched__calendar_thirds,global_RSA_Polar_net,M1,2,0.0602736108743315,0.000836091856328706,0.00883037308111895,0.5,0.0496500565695706,0.0708971651790924,2,0
union_common240__matched__calendar_thirds,global_RSA_Polar_net,M2,3,0.119233468780383,0.0371271663937937,0.0848067227678699,0.25,-0.0405118350517361,0.278978772612502,3,0
union_common240__matched__calendar_thirds,global_between_sdi,pooled,5,-0.0904056725751313,0.226104253980229,0.709705613753319,0.6875,-0.718171721802936,0.537360376652674,2,3
union_common240__matched__calendar_thirds,global_between_sdi,M1,2,-0.20438566517561,0.297313971844145,0.616597689399083,1,-3.9821178623526,3.57334653200138,1,1
union_common240__matched__calendar_thirds,global_between_sdi,M2,3,-0.0144190108414789,0.365688091580095,0.972129746584544,1,-1.58784787631544,1.55900985463249,1,2
union_common240__matched__calendar_thirds,global_between_svm,pooled,5,-0.756492056681563,1.5167415169476,0.644128588919684,0.6875,-4.967641617261,3.45465750389787,2,3
union_common240__matched__calendar_thirds,global_between_svm,M1,2,-1.06275161030595,3.10441827697264,0.790023556295704,1,-40.508125824243,38.3826226036311,1,1
union_common240__matched__calendar_thirds,global_between_svm,M2,3,-0.55231902093197,2.09851618983082,0.817034618771221,0.75,-9.581505433531,8.47686739166706,1,2
union_common240__matched__calendar_thirds,global_orthogonality_Hyper_minus_Grating,pooled,2,-1.96955808003743,2.83982022603353,0.61396385621052,1,-38.0528952859493,34.1137791258745,1,1
union_common240__matched__calendar_thirds,global_orthogonality_Hyper_minus_Grating,M1,1,-4.80937830607096,NaN,NaN,1,NaN,NaN,0,1
union_common240__matched__calendar_thirds,global_orthogonality_Hyper_minus_Grating,M2,1,0.870262145996094,NaN,NaN,1,NaN,NaN,1,0
union_common240__matched__calendar_thirds,global_orthogonality_Polar_minus_Grating,pooled,5,7.27846425374349,5.45363627335953,0.252907359679877,0.3125,-7.86325748295471,22.4201859904417,4,1
union_common240__matched__calendar_thirds,global_orthogonality_Polar_minus_Grating,M1,2,9.12423006693522,2.49309476216634,0.169804453658224,0.5,-22.553542407835,40.8020025417055,2,0
union_common240__matched__calendar_thirds,global_orthogonality_Polar_minus_Grating,M2,3,6.04795371161567,9.75581670593341,0.598521008795099,0.75,-35.9279376691041,48.0238450923354,2,1
union_common240__matched__calendar_thirds,global_rms_radius_DiD,pooled,5,-0.351420397273844,0.400469718447257,0.429749963415976,0.5625,-1.46330258683667,0.760461792288982,2,3
union_common240__matched__calendar_thirds,global_rms_radius_DiD,M1,2,-0.846311666412707,0.98060048896262,0.546711301439354,1,-13.3060222435648,11.6133989107394,1,1
union_common240__matched__calendar_thirds,global_rms_radius_DiD,M2,3,-0.0214928845146026,0.279277055505463,0.945662162221454,0.75,-1.22312506974158,1.18013930071237,1,2
union_common240__matched__calendar_thirds,global_rms_radius_raw_DiD,pooled,5,-2.07668471918233,2.40019241697939,0.435726162695622,0.5625,-8.74068720683761,4.58731776847295,2,3
union_common240__matched__calendar_thirds,global_rms_radius_raw_DiD,M1,2,-5.04844927077439,5.56780409339151,0.531119092186679,1,-75.7941080123184,65.6972094707696,1,1
union_common240__matched__calendar_thirds,global_rms_radius_raw_DiD,M2,3,-0.0955083514542968,1.9907971362163,0.96609610494891,1,-8.66121708397277,8.47020038106418,1,2
union_common240__matched__calendar_thirds,global_signal_dimension_DiD,pooled,5,-0.00503709917660977,0.451031415626714,0.991624250347631,1,-1.25730106538383,1.24722686703061,2,3
union_common240__matched__calendar_thirds,global_signal_dimension_DiD,M1,2,0.410697717973983,1.1741161418407,0.785783506300739,1,-14.5078623643015,15.3292578002494,1,1
union_common240__matched__calendar_thirds,global_signal_dimension_DiD,M2,3,-0.282193643943672,0.350088370100761,0.504814434994991,0.5,-1.78850232521125,1.22411503732391,1,2
union_common240__matched__calendar_thirds,global_signal_radius_DiD,pooled,5,-0.425683966004814,0.287683209209954,0.213050879433737,0.25,-1.22442060406338,0.373052672053755,1,4
union_common240__matched__calendar_thirds,global_signal_radius_DiD,M1,2,-0.655137882161022,0.832674483614926,0.575608594251578,1,-11.2352703495608,9.92499458523876,1,1
union_common240__matched__calendar_thirds,global_signal_radius_DiD,M2,3,-0.272714688567341,0.124527096851733,0.15993208684949,0.25,-0.808511541764226,0.263082164629543,0,3
union_common240__matched__calendar_thirds,var_between_sdi,pooled,3,-0.358680324700513,0.311398956849301,0.368487469809099,0.5,-1.69852189642929,0.981161247028266,1,2
union_common240__matched__calendar_thirds,var_between_sdi,M1,1,-0.95349685928805,NaN,NaN,1,NaN,NaN,0,1
union_common240__matched__calendar_thirds,var_between_sdi,M2,2,-0.0612720574067449,0.159852740409583,0.76697794316016,1,-2.0923937046895,1.96984958987601,1,1
union_common240__matched__calendar_thirds,var_between_svm,pooled,3,-3.30507702052017,2.76644770837591,0.354669131221871,0.25,-15.2081408046729,8.59798676363257,0,3
union_common240__matched__calendar_thirds,var_between_svm,M1,1,-8.80878894767787,NaN,NaN,1,NaN,NaN,0,1
union_common240__matched__calendar_thirds,var_between_svm,M2,2,-0.553221056941318,0.491492661879569,0.462428098947297,0.5,-6.79822744511061,5.69178533122797,0,2
union_common240__matched__calendar_thirds,var_noise_variance_DiD,pooled,3,0.442341440068131,1.8885635226559,0.836606430221427,1,-7.68349155599252,8.56817443612878,2,1
union_common240__matched__calendar_thirds,var_noise_variance_DiD,M1,1,-3.32831153448292,NaN,NaN,1,NaN,NaN,0,1
union_common240__matched__calendar_thirds,var_noise_variance_DiD,M2,2,2.32766792734366,0.191438362015867,0.0522410276526037,0.5,-0.104787094787876,4.76012294947519,2,0
union_common240__matched__calendar_thirds,var_rms_radius_DiD,pooled,3,-0.0119841789599159,0.111770680714189,0.924400179715642,1,-0.492894603440778,0.468926245520946,1,2
union_common240__matched__calendar_thirds,var_rms_radius_DiD,M1,1,-0.0602489442826091,NaN,NaN,1,NaN,NaN,0,1
union_common240__matched__calendar_thirds,var_rms_radius_DiD,M2,2,0.0121482037014307,0.189026293205995,0.959142374957936,1,-2.38965857829413,2.41395498569699,1,1
union_common240__matched__calendar_thirds,var_rms_radius_raw_DiD,pooled,3,-0.058279746437402,0.882427541492417,0.953350120303203,1,-3.85505901664585,3.73849952377105,1,2
union_common240__matched__calendar_thirds,var_rms_radius_raw_DiD,M1,1,-0.272913257521623,NaN,NaN,1,NaN,NaN,0,1
union_common240__matched__calendar_thirds,var_rms_radius_raw_DiD,M2,2,0.0490370091047083,1.51706441520879,0.979429308512787,1,-19.2270940485033,19.3251680667128,1,1
union_common240__matched__calendar_thirds,var_signal_dimension_DiD,pooled,3,-0.149973476839996,0.0186393362770971,0.0150976435951182,0.25,-0.230172067953366,-0.0697748857266265,0,3
union_common240__matched__calendar_thirds,var_signal_dimension_DiD,M1,1,-0.114069649955186,NaN,NaN,1,NaN,NaN,0,1
union_common240__matched__calendar_thirds,var_signal_dimension_DiD,M2,2,-0.167925390282401,0.00868682806444987,0.0329031923990136,0.5,-0.27830200617725,-0.0575487743875532,0,2
union_common240__matched__calendar_thirds,var_signal_distance_DiD,pooled,3,10.4235412814296,8.11319447337777,0.327580721031594,0.5,-24.4847170664375,45.3317996292967,2,1
union_common240__matched__calendar_thirds,var_signal_distance_DiD,M1,1,22.6623625666705,NaN,NaN,1,NaN,NaN,1,0
union_common240__matched__calendar_thirds,var_signal_distance_DiD,M2,2,4.30413063880917,9.22660359230274,0.722126180850783,1,-112.930983624514,121.539244902133,1,1
union_common240__matched__calendar_thirds,var_signal_radius_DiD,pooled,3,0.125916832964802,0.373480188827183,0.768101472380812,0.75,-1.48103872099982,1.73287238692942,2,1
union_common240__matched__calendar_thirds,var_signal_radius_DiD,M1,1,0.646592091343791,NaN,NaN,1,NaN,NaN,1,0
union_common240__matched__calendar_thirds,var_signal_radius_DiD,M2,2,-0.134420796224692,0.463826811237928,0.820422003011783,1,-6.02789922194085,5.75905762949147,1,1
union_common240__matched__calendar_thirds,var_within_sdi_DiD,pooled,3,8.13793140822874,10.3883720345984,0.515446908131601,1,-36.5596258840888,52.8354887005463,1,2
union_common240__matched__calendar_thirds,var_within_sdi_DiD,M1,1,28.9144583703239,NaN,NaN,1,NaN,NaN,1,0
union_common240__matched__calendar_thirds,var_within_sdi_DiD,M2,2,-2.25033207281886,0.0822565053598296,0.023260039911035,0.5,-3.2955000708031,-1.20516407483461,0,2
union_common240__matched__calendar_thirds,var_within_svm_DiD,pooled,3,5.80637940459917,3.99294439350541,0.283115240643262,0.25,-11.3738736898547,22.986632499053,3,0
union_common240__matched__calendar_thirds,var_within_svm_DiD,M1,1,13.757696337544,NaN,NaN,1,NaN,NaN,1,0
union_common240__matched__calendar_thirds,var_within_svm_DiD,M2,2,1.83072093812674,0.642832842018277,0.214978146961991,0.5,-6.33724476369453,9.99868663994802,2,0
union_common240__matched__calendar_thirds,var_within_svm_loo_DiD,pooled,3,8.74883563304917,4.21532876103704,0.173608260252026,0.25,-9.38826016741826,26.8859314335166,3,0
union_common240__matched__calendar_thirds,var_within_svm_loo_DiD,M1,1,16.6133400296802,NaN,NaN,1,NaN,NaN,1,0
union_common240__matched__calendar_thirds,var_within_svm_loo_DiD,M2,2,4.81658343473366,2.63043107444516,0.318220255985431,0.5,-28.6062123415625,38.2393792110298,2,0
union_common240__all__thirds,global_RSA_Hyper_net,pooled,2,0.542077531367865,0.523479505485034,0.488889690055807,0.5,-6.10936024051646,7.19351530325219,2,0
union_common240__all__thirds,global_RSA_Hyper_net,M1,1,1.0655570368529,NaN,NaN,1,NaN,NaN,1,0
union_common240__all__thirds,global_RSA_Hyper_net,M2,1,0.0185980258828306,NaN,NaN,1,NaN,NaN,1,0
union_common240__all__thirds,global_RSA_Polar_net,pooled,5,0.084160226234715,0.036440273649243,0.082073859862795,0.125,-0.0170141931707938,0.185334645640224,4,1
union_common240__all__thirds,global_RSA_Polar_net,M1,2,0.0704865407649668,0.00781295503150315,0.0702781040281266,0.5,-0.0287864654598384,0.169759546989772,2,0
union_common240__all__thirds,global_RSA_Polar_net,M2,3,0.0932760165478805,0.065590337312028,0.290929840632414,0.5,-0.188936427332905,0.375488460428666,2,1
union_common240__all__thirds,global_between_sdi,pooled,5,-0.15972344603946,0.259194873436319,0.571083377391285,0.625,-0.879363783684088,0.559916891605169,2,3
union_common240__all__thirds,global_between_sdi,M1,2,-0.312354120724285,0.389104652466774,0.569380144245275,1,-5.25639749876522,4.63168925731665,1,1
union_common240__all__thirds,global_between_sdi,M2,3,-0.057969662916243,0.400662169481484,0.898223758313084,1,-1.78187984014309,1.66594051431061,1,2
union_common240__all__thirds,global_between_svm,pooled,5,-1.14931613075563,1.84076381663108,0.566230876720685,0.5625,-6.26009581926622,3.96146355775495,2,3
union_common240__all__thirds,global_between_svm,M1,2,-0.712635869565219,2.47652475845412,0.821627645658063,1,-32.1798664846888,30.7545947455584,1,1
union_common240__all__thirds,global_between_svm,M2,3,-1.44043630488257,3.02396667324875,0.680797179635143,0.75,-14.4515147662077,11.5706421564425,1,2
union_common240__all__thirds,global_orthogonality_Hyper_minus_Grating,pooled,2,-5.96404393513998,5.85706837972006,0.494239045112897,0.5,-80.385153921638,68.4570660513581,0,2
union_common240__all__thirds,global_orthogonality_Hyper_minus_Grating,M1,1,-11.82111231486,NaN,NaN,1,NaN,NaN,0,1
union_common240__all__thirds,global_orthogonality_Hyper_minus_Grating,M2,1,-0.106975555419922,NaN,NaN,1,NaN,NaN,0,1
union_common240__all__thirds,global_orthogonality_Polar_minus_Grating,pooled,5,6.51357345581055,5.84223945184377,0.327353259114731,0.3125,-9.70708367365452,22.7342305852756,4,1
union_common240__all__thirds,global_orthogonality_Polar_minus_Grating,M1,2,7.59282875061035,7.22720146179199,0.484297039223928,0.5,-84.2374726924998,99.4231301937205,2,0
union_common240__all__thirds,global_orthogonality_Polar_minus_Grating,M2,3,5.79406992594401,9.78338484663122,0.613729087420984,0.75,-36.3004375906033,47.8885774424913,2,1
union_common240__all__thirds,global_rms_radius_DiD,pooled,5,-0.195069769624607,0.210402802915709,0.406338086116355,0.3125,-0.779241601899823,0.38910206265061,1,4
union_common240__all__thirds,global_rms_radius_DiD,M1,2,-0.29507032145159,0.259430443493081,0.459138226873592,0.5,-3.59144665127127,3.00130600836809,0,2
union_common240__all__thirds,global_rms_radius_DiD,M2,3,-0.128402735073284,0.345794924354185,0.746040961512749,0.75,-1.61623821027933,1.35943274013276,1,2
union_common240__all__thirds,global_rms_radius_raw_DiD,pooled,5,-1.31451990599351,1.4268322738906,0.409037856240472,0.375,-5.27604138877529,2.64700157678828,1,4
union_common240__all__thirds,global_rms_radius_raw_DiD,M1,2,-2.09650059224693,1.44810298164016,0.3848195904721,0.5,-20.4963935560318,16.303392371538,0,2
union_common240__all__thirds,global_rms_radius_raw_DiD,M2,3,-0.793199448491229,2.39738363012222,0.77219758126388,0.75,-11.1083086688933,9.52190977191083,1,2
union_common240__all__thirds,global_signal_dimension_DiD,pooled,5,0.137989057332895,0.296446171028025,0.665803232100926,0.75,-0.685077463172494,0.961055577838284,3,2
union_common240__all__thirds,global_signal_dimension_DiD,M1,2,0.391711005709426,0.481575915917171,0.565281082195586,1,-5.727291177945,6.51071318936385,1,1
union_common240__all__thirds,global_signal_dimension_DiD,M2,3,-0.0311589082514592,0.424105561505756,0.948119040663948,1,-1.85593786016613,1.79362004366321,2,1
union_common240__all__thirds,global_signal_radius_DiD,pooled,5,-0.247220113614144,0.142275783864005,0.157276433649734,0.0625,-0.642241017311541,0.147800790083254,0,5
union_common240__all__thirds,global_signal_radius_DiD,M1,2,-0.0483812680707538,0.0190667970322729,0.238990360955639,0.5,-0.290647894825901,0.193885358684393,0,2
union_common240__all__thirds,global_signal_radius_DiD,M2,3,-0.379779343976403,0.213045873904911,0.216590764309642,0.25,-1.29644175489523,0.536883066942424,0,3
union_common240__all__thirds,var_between_sdi,pooled,5,-0.345504715430942,0.270052946480924,0.269930292377654,0.5,-1.09529189683215,0.404282465970262,3,2
union_common240__all__thirds,var_between_sdi,M1,2,-0.549005626469999,0.659612263343428,0.558098412451362,1,-8.93017409100317,7.83216283806317,1,1
union_common240__all__thirds,var_between_sdi,M2,3,-0.209837441404904,0.27396871258171,0.523772044657564,1,-1.38862967046054,0.968954787650735,2,1
union_common240__all__thirds,var_between_svm,pooled,5,-2.33006668155481,2.1884799905259,0.347015437984132,0.3125,-8.40626123907377,3.74612787596415,1,4
union_common240__all__thirds,var_between_svm,M1,2,-4.49975949975956,6.26743626743629,0.603591330897377,1,-84.1350878847316,75.1355688852125,1,1
union_common240__all__thirds,var_between_svm,M2,3,-0.883604802751644,0.505880238571496,0.222808284416745,0.25,-3.0602317921676,1.29302218666431,0,3
union_common240__all__thirds,var_noise_variance_DiD,pooled,5,12.533179496616,13.9521443168522,0.419811313213524,0.625,-26.2041832989215,51.2705422921535,3,2
union_common240__all__thirds,var_noise_variance_DiD,M1,2,32.8592622836916,34.8330608821149,0.518557544247975,1,-409.736740872098,475.455265439482,1,1
union_common240__all__thirds,var_noise_variance_DiD,M2,3,-1.01754236143444,3.85998463672108,0.816753764046312,1,-17.6257157954134,15.5906310725445,2,1
union_common240__all__thirds,var_rms_radius_DiD,pooled,5,0.0262476041801751,0.110102071446032,0.823290774060807,0.75,-0.279444753158299,0.33193996151865,3,2
union_common240__all__thirds,var_rms_radius_DiD,M1,2,0.129947196059039,0.116793907876655,0.466095130636317,0.5,-1.35406010935967,1.61395450147775,2,0
union_common240__all__thirds,var_rms_radius_DiD,M2,3,-0.0428854570724007,0.172878732889946,0.827228184781775,1,-0.786722609056956,0.700951694912155,1,2
union_common240__all__thirds,var_rms_radius_raw_DiD,pooled,5,0.149078193286792,0.78117020944318,0.85794602324879,0.75,-2.01979801104806,2.31795439762164,3,2
union_common240__all__thirds,var_rms_radius_raw_DiD,M1,2,0.876139626067982,0.606775439161822,0.385608398894845,0.5,-6.83367333280445,8.58595258494041,2,0
union_common240__all__thirds,var_rms_radius_raw_DiD,M2,3,-0.335629428567335,1.27188337811582,0.816571887561814,1,-5.80810191734034,5.13684306020567,1,2
union_common240__all__thirds,var_signal_dimension_DiD,pooled,5,0.172203196211528,0.329207014190511,0.628553157706343,1,-0.741822006934497,1.08622839935755,1,4
union_common240__all__thirds,var_signal_dimension_DiD,M1,2,0.638059154537905,0.848805348482377,0.589636559164835,1,-10.1470353844393,11.4231536935151,1,1
union_common240__all__thirds,var_signal_dimension_DiD,M2,3,-0.138367442672722,0.0230875565069254,0.0267299593148245,0.25,-0.23770518070049,-0.0390297046449548,0,3
union_common240__all__thirds,var_signal_distance_DiD,pooled,5,10.4332292405403,9.28513231219873,0.324036774659397,0.4375,-15.3464309187777,36.2128893998583,4,1
union_common240__all__thirds,var_signal_distance_DiD,M1,2,27.724152338075,10.9671379012449,0.239808803138691,0.5,-111.626547205004,167.074851881154,2,0
union_common240__all__thirds,var_signal_distance_DiD,M2,3,-1.09405282448281,9.01046313146894,0.914457613395199,1,-39.8629466134045,37.6748409644389,2,1
union_common240__all__thirds,var_signal_radius_DiD,pooled,5,0.159577045062013,0.227868121532825,0.522329176147537,0.625,-0.473086285598415,0.792240375722441,3,2
union_common240__all__thirds,var_signal_radius_DiD,M1,2,0.534946927383977,0.00846294694852689,0.0100705877162116,0.5,0.42741499078461,0.642478863983345,2,0
union_common240__all__thirds,var_signal_radius_DiD,M2,3,-0.0906695431526291,0.307857979006512,0.79611898418301,0.75,-1.41527551690015,1.23393643059489,1,2
union_common240__all__thirds,var_within_sdi_DiD,pooled,5,2.5109771815647,4.96456542931633,0.639611056674723,0.8125,-11.2728662040948,16.2948205672242,3,2
union_common240__all__thirds,var_within_sdi_DiD,M1,2,11.0838468660716,10.0856106497727,0.470002702256823,0.5,-117.065986939285,139.233680671428,2,0
union_common240__all__thirds,var_within_sdi_DiD,M2,3,-3.2042692747732,2.72393092963445,0.360512434328658,0.5,-14.9243981248139,8.51585957526747,1,2
union_common240__all__thirds,var_within_svm_DiD,pooled,5,-0.506944060384455,3.41272084914176,0.889100134840961,0.9375,-9.98217615739055,8.96828803662164,3,2
union_common240__all__thirds,var_within_svm_DiD,M1,2,-0.283854343420379,8.65299600312159,0.979123703659225,1,-110.230593140385,109.662884453544,1,1
union_common240__all__thirds,var_within_svm_DiD,M2,3,-0.655670538360505,3.71973779281723,0.876316759506486,1,-16.6604105065778,15.3490694298568,2,1
union_common240__all__thirds,var_within_svm_loo_DiD,pooled,5,-1.00409398674552,5.59040057749956,0.866189957533001,0.875,-16.5255343062391,14.5173463327481,3,2
union_common240__all__thirds,var_within_svm_loo_DiD,M1,2,-2.91168759275821,14.2320101334638,0.871528572766627,1,-183.746522155862,177.923146970346,1,1
union_common240__all__thirds,var_within_svm_loo_DiD,M2,3,0.267635083929603,5.8853155712773,0.967860887550409,1,-25.0548340242637,25.5901041921229,2,1
union_common240__all__halves,global_RSA_Hyper_net,pooled,2,0.477188304649328,0.44356842905802,0.476765227251376,0.5,-5.15888296946525,6.11325957876391,2,0
union_common240__all__halves,global_RSA_Hyper_net,M1,1,0.920756733707348,NaN,NaN,1,NaN,NaN,1,0
union_common240__all__halves,global_RSA_Hyper_net,M2,1,0.0336198755913081,NaN,NaN,1,NaN,NaN,1,0
union_common240__all__halves,global_RSA_Polar_net,pooled,5,0.0830132360794234,0.0298984222309102,0.0499967351488333,0.125,1.90802327589001e-06,0.166024564135571,4,1
union_common240__all__halves,global_RSA_Polar_net,M1,2,0.0961393358360227,0.0334657501025591,0.213253551355972,0.5,-0.329083336616752,0.521362008288798,2,0
union_common240__all__halves,global_RSA_Polar_net,M2,3,0.0742625029083571,0.0501066948210979,0.276521034973167,0.5,-0.141329204342363,0.289854210159077,2,1
union_common240__all__halves,global_between_sdi,pooled,5,-0.16100534859892,0.170869879143222,0.399407044157874,0.5,-0.635416188171858,0.313405490974017,2,3
union_common240__all__halves,global_between_sdi,M1,2,-0.245216778628722,0.321967310371212,0.585626358030725,1,-4.33619934256084,3.84576578530339,1,1
union_common240__all__halves,global_between_sdi,M2,3,-0.104864395245719,0.24254410741399,0.707638572715275,1,-1.14844746109517,0.938718670603733,1,2
union_common240__all__halves,global_between_svm,pooled,5,-0.906297042929384,1.24447622361847,0.506800894886307,0.625,-4.36151696252992,2.54892287667116,3,2
union_common240__all__halves,global_between_svm,M1,2,-0.498414855072454,2.26230374396135,0.861949762384068,1,-29.24370940126,28.246879691115,1,1
union_common240__all__halves,global_between_svm,M2,3,-1.17821850150067,1.83411310837664,0.586428068195125,1,-9.06977027392671,6.71333327092537,2,1
union_common240__all__halves,global_orthogonality_Hyper_minus_Grating,pooled,2,-5.67632802327474,4.46628061930338,0.424406412359349,0.5,-62.4258039813526,51.0731479348031,0,2
union_common240__all__halves,global_orthogonality_Hyper_minus_Grating,M1,1,-10.1426086425781,NaN,NaN,1,NaN,NaN,0,1
union_common240__all__halves,global_orthogonality_Hyper_minus_Grating,M2,1,-1.21004740397136,NaN,NaN,1,NaN,NaN,0,1
union_common240__all__halves,global_orthogonality_Polar_minus_Grating,pooled,5,5.57638041178385,5.67431028352371,0.381374539282744,0.375,-10.178030600279,21.3307914238467,3,2
union_common240__all__halves,global_orthogonality_Polar_minus_Grating,M1,2,6.96513748168945,7.85489273071289,0.538175136943049,1,-92.8407377354389,106.771012698818,1,1
union_common240__all__halves,global_orthogonality_Polar_minus_Grating,M2,3,4.65054236518012,9.25678529141374,0.665249837526555,0.75,-35.1781901376259,44.4792748679861,2,1
union_common240__all__halves,global_rms_radius_DiD,pooled,5,-0.113820390190189,0.154427202428072,0.501987181912038,0.4375,-0.542579040480997,0.31493826010062,1,4
union_common240__all__halves,global_rms_radius_DiD,M1,2,-0.166471523670158,0.130831645711649,0.424046238923573,0.5,-1.82884520005304,1.49590215271273,0,2
union_common240__all__halves,global_rms_radius_DiD,M2,3,-0.0787196345368756,0.268787681110396,0.797212933207261,0.75,-1.23521968438955,1.0777804153158,1,2
union_common240__all__halves,global_rms_radius_raw_DiD,pooled,5,-0.749344799133617,1.05251374856102,0.515813717139547,0.5,-3.67159144447923,2.172901846212,1,4
union_common240__all__halves,global_rms_radius_raw_DiD,M1,2,-1.25466414768432,0.606266537077552,0.286558978712098,0.5,-8.95801089248334,6.44868259711471,0,2
union_common240__all__halves,global_rms_radius_raw_DiD,M2,3,-0.412465233433151,1.85155010630013,0.844398193581007,0.75,-8.37904235257333,7.55411188570703,1,2
union_common240__all__halves,global_signal_dimension_DiD,pooled,5,0.0283259929396963,0.240190368232456,0.911806773857222,1,-0.638549379254962,0.695201365134354,2,3
union_common240__all__halves,global_signal_dimension_DiD,M1,2,0.284593433214123,0.374458343421868,0.586274134813992,1,-4.47335094347295,5.04253780990119,1,1
union_common240__all__halves,global_signal_dimension_DiD,M2,3,-0.142518967243255,0.330272653718863,0.708153670373524,0.75,-1.56356750232832,1.27852956784181,1,2
union_common240__all__halves,global_signal_radius_DiD,pooled,5,0.00331349675820194,0.200011405742646,0.987575806102212,1,-0.552007191699699,0.558634185216102,2,3
union_common240__all__halves,global_signal_radius_DiD,M1,2,0.325031046745245,0.354345517783726,0.527452525984303,1,-4.17735564956061,4.8274177430511,1,1
union_common240__all__halves,global_signal_radius_DiD,M2,3,-0.211164869899827,0.184373933155756,0.370646403852822,0.5,-1.00446187668709,0.582132136887432,1,2
union_common240__all__halves,var_between_sdi,pooled,5,-0.431290472140133,0.196623466842276,0.0933284556211509,0.125,-0.977204734221391,0.114623789941125,1,4
union_common240__all__halves,var_between_sdi,M1,2,-0.426560328076113,0.537166964949542,0.572746331320611,1,-7.25191376223457,6.39879310608234,1,1
union_common240__all__halves,var_between_sdi,M2,3,-0.434443901516147,0.180759728608212,0.138133089989131,0.25,-1.21219024124104,0.343302438208748,0,3
union_common240__all__halves,var_between_svm,pooled,5,-2.02033572688335,1.87048961610608,0.340869216404684,0.3125,-7.21364746584439,3.17297601207769,1,4
union_common240__all__halves,var_between_svm,M1,2,-3.67744909411579,5.44512586179252,0.62184748225189,1,-72.8643331082912,65.5094349200596,1,1
union_common240__all__halves,var_between_svm,M2,3,-0.915593482061728,0.503722984633564,0.210749561013922,0.25,-3.08293855693288,1.25175159280942,0,3
union_common240__all__halves,var_noise_variance_DiD,pooled,5,11.6605845238131,14.1157229472063,0.455187032104515,0.8125,-27.530945359286,50.8521144069122,3,2
union_common240__all__halves,var_noise_variance_DiD,M1,2,32.7215384886841,34.9707846771224,0.521145499255229,1,-411.624411403515,477.067488380883,1,1
union_common240__all__halves,var_noise_variance_DiD,M2,3,-2.38005145276754,3.17844786221779,0.532059543123017,1,-16.0558088235053,11.2957059179702,2,1
union_common240__all__halves,var_rms_radius_DiD,pooled,5,0.00384149751730067,0.0958806196819539,0.969960978194402,1,-0.262365779681991,0.270048774716593,3,2
union_common240__all__halves,var_rms_radius_DiD,M1,2,0.162484659000857,0.0842564449348373,0.30454448804978,0.5,-0.908094980683416,1.23306429868513,2,0
union_common240__all__halves,var_rms_radius_DiD,M2,3,-0.101920610138403,0.119562669736746,0.483761121596205,0.5,-0.616357257457348,0.412516037180542,1,2
union_common240__all__halves,var_rms_radius_raw_DiD,pooled,5,-0.0178355114895737,0.665202081383639,0.979893883436514,1,-1.86473257431456,1.82906155133541,3,2
union_common240__all__halves,var_rms_radius_raw_DiD,M1,2,1.03962366075025,0.443291404479552,0.256591194141321,0.5,-4.59292768235337,6.67217500385387,2,0
union_common240__all__halves,var_rms_radius_raw_DiD,M2,3,-0.722808292982791,0.887830874765803,0.501088858777837,0.5,-4.54283622984973,3.09721964388414,1,2
union_common240__all__halves,var_signal_dimension_DiD,pooled,5,0.187551626470444,0.332751125176525,0.603098734376675,0.9375,-0.736313606274975,1.11141685921586,2,3
union_common240__all__halves,var_signal_dimension_DiD,M1,2,0.54481205203559,0.942052450984692,0.666201682024062,1,-11.4250992623911,12.5147233664623,1,1
union_common240__all__halves,var_signal_dimension_DiD,M2,3,-0.0506219905729857,0.0484605447687439,0.405861334723625,0.5,-0.259130885807368,0.157886904661396,1,2
union_common240__all__halves,var_signal_distance_DiD,pooled,5,9.14082070557397,9.72015570113698,0.400257563038296,0.375,-17.8466580126082,36.1282994237561,3,2
union_common240__all__halves,var_signal_distance_DiD,M1,2,30.2129408093702,8.47834942994968,0.174168571017119,0.5,-77.5147028724005,137.940584491141,2,0
union_common240__all__halves,var_signal_distance_DiD,M2,3,-4.90725936362353,6.65519304434362,0.537676796959552,0.75,-33.5422438828782,23.7277251556312,1,2
union_common240__all__halves,var_signal_radius_DiD,pooled,5,0.162413525029245,0.239985732285164,0.535672887140847,0.5,-0.503893686691207,0.828720736749697,3,2
union_common240__all__halves,var_signal_radius_DiD,M1,2,0.655580938887983,0.112171064555479,0.107882091624744,0.5,-0.769687572828596,2.08084945060456,2,0
union_common240__all__halves,var_signal_radius_DiD,M2,3,-0.16636475087658,0.229486629332683,0.54383014225065,0.75,-1.15376602301585,0.821036521262693,1,2
union_common240__all__halves,var_within_sdi_DiD,pooled,5,4211791.88793629,4211787.1802055,0.373900486421673,0.3125,-7482004.0126801,15905587.7885527,4,1
union_common240__all__halves,var_within_sdi_DiD,M1,2,13.5515826085792,12.5533463922804,0.475667911892356,0.5,-145.953806775856,173.056971993014,2,0
union_common240__all__halves,var_within_sdi_DiD,M2,3,7019644.11217208,7019648.24828566,0.42264995760113,0.75,-23183464.5851952,37222752.8095394,2,1
union_common240__all__halves,var_within_svm_DiD,pooled,5,0.0273578544585728,3.96747018170927,0.994828395261241,1,-10.9881053115663,11.0428210204835,2,3
union_common240__all__halves,var_within_svm_DiD,M1,2,1.45090993811193,10.3877602846539,0.911651735391855,1,-130.538098989005,133.439918865229,1,1
union_common240__all__halves,var_within_svm_DiD,M2,3,-0.921676867976999,3.92110238770648,0.83603994349097,0.75,-17.7928187600694,15.9494650241154,1,2
union_common240__all__halves,var_within_svm_loo_DiD,pooled,5,-1.62537181256163,5.57135940577211,0.784992155404142,0.875,-17.0939453640153,13.843201738892,3,2
union_common240__all__halves,var_within_svm_loo_DiD,M1,2,-2.0210171456931,15.1226805805289,0.915422346908848,1,-194.172892761667,190.130858470281,1,1
union_common240__all__halves,var_within_svm_loo_DiD,M2,3,-1.36160825714065,5.21037734694797,0.81829070783179,1,-23.7800525720111,21.0568360577298,2,1
union_common240__all__first_last,global_RSA_Hyper_net,pooled,2,0.51463582395197,0.480340278002921,0.478065219713454,0.5,-5.58866609138421,6.61793773928815,2,0
union_common240__all__first_last,global_RSA_Hyper_net,M1,1,0.994976101954891,NaN,NaN,1,NaN,NaN,1,0
union_common240__all__first_last,global_RSA_Hyper_net,M2,1,0.0342955459490495,NaN,NaN,1,NaN,NaN,1,0
union_common240__all__first_last,global_RSA_Polar_net,pooled,5,0.0870220293879687,0.0873584396285653,0.375557447111514,0.4375,-0.155523882716478,0.329567941492416,3,2
union_common240__all__first_last,global_RSA_Polar_net,M1,2,-0.0181184081317968,0.0807919938652605,0.859555352652281,1,-1.04467802322757,1.00844120696397,1,1
union_common240__all__first_last,global_RSA_Polar_net,M2,3,0.157115654401146,0.130847796399192,0.352767962611735,0.5,-0.405876973957539,0.72010828275983,2,1
union_common240__all__first_last,global_between_sdi,pooled,5,-0.176699720144127,0.273347195896142,0.553221096922818,0.5,-0.935633204209513,0.582233763921258,2,3
union_common240__all__first_last,global_between_sdi,M1,2,-0.231801672623891,0.30855220436638,0.589823067911243,1,-4.15232915310113,3.68872580785335,1,1
union_common240__all__first_last,global_between_sdi,M2,3,-0.139965085157618,0.464371279956393,0.791554139812477,0.75,-2.13799344047924,1.85806327016401,1,2
union_common240__all__first_last,global_between_svm,pooled,5,-2.00766060683108,2.85441951234002,0.520619623313549,0.5625,-9.93279969004861,5.91747847638645,3,2
union_common240__all__first_last,global_between_svm,M1,2,-2.3479770531401,4.111865942029,0.669695171602521,1,-54.5941875602644,49.8982334539842,1,1
union_common240__all__first_last,global_between_svm,M2,3,-1.78078297595841,4.6323730609103,0.737691359915713,1,-21.712275571702,18.1507096197852,2,1
union_common240__all__first_last,global_orthogonality_Hyper_minus_Grating,pooled,2,-7.54271125793457,12.06028175354,0.644193538106271,1,-160.783120394366,145.697697878497,1,1
union_common240__all__first_last,global_orthogonality_Hyper_minus_Grating,M1,1,-19.6029930114746,NaN,NaN,1,NaN,NaN,0,1
union_common240__all__first_last,global_orthogonality_Hyper_minus_Grating,M2,1,4.51757049560547,NaN,NaN,1,NaN,NaN,1,0
union_common240__all__first_last,global_orthogonality_Polar_minus_Grating,pooled,5,10.1310203552246,9.40334248264699,0.341948842857699,0.375,-15.9768438532191,36.2388845636683,3,2
union_common240__all__first_last,global_orthogonality_Polar_minus_Grating,M1,2,3.57281303405762,11.2472171783447,0.804188081554169,1,-139.336631146212,146.482257214327,1,1
union_common240__all__first_last,global_orthogonality_Polar_minus_Grating,M2,3,14.5031585693359,15.122225719013,0.438732013889826,0.5,-50.562527200463,79.5688443391349,2,1
union_common240__all__first_last,global_rms_radius_DiD,pooled,5,-0.454960472096748,0.324580300954651,0.233633792121616,0.1875,-1.35613985992591,0.446218915732419,1,4
union_common240__all__first_last,global_rms_radius_DiD,M1,2,-0.723498702295327,0.687858824336818,0.483927368030857,0.5,-9.46357375390336,8.01657634931271,0,2
union_common240__all__first_last,global_rms_radius_DiD,M2,3,-0.275934985297695,0.391657157471704,0.554090594926978,0.5,-1.96109972301924,1.40922975242385,1,2
union_common240__all__first_last,global_rms_radius_raw_DiD,pooled,5,-3.11971364943587,2.12340268359922,0.215709496653423,0.1875,-9.01522463667878,2.77579733780703,1,4
union_common240__all__first_last,global_rms_radius_raw_DiD,M1,2,-4.666709091535,4.01831148092824,0.452559883344311,0.5,-55.7241974619306,46.3907792788605,0,2
union_common240__all__first_last,global_rms_radius_raw_DiD,M2,3,-2.08838335470312,2.88403098956293,0.544240651758995,0.5,-14.4973671646281,10.3206004552219,1,2
union_common240__all__first_last,global_signal_dimension_DiD,pooled,5,0.415082542312966,0.448725178357169,0.407306801182359,0.375,-0.830778282715801,1.66094336734173,3,2
union_common240__all__first_last,global_signal_dimension_DiD,M1,2,0.731436129772815,0.82130103998056,0.536803415602114,1,-9.70418303425337,11.167055293799,1,1
union_common240__all__first_last,global_signal_dimension_DiD,M2,3,0.204180150673068,0.625088830526168,0.774954174295418,0.75,-2.48536001232625,2.89372031367238,2,1
union_common240__all__first_last,global_signal_radius_DiD,pooled,5,-0.582912231455577,0.216881849110853,0.0547889680528191,0.0625,-1.18507277982565,0.0192483169144977,0,5
union_common240__all__first_last,global_signal_radius_DiD,M1,2,-0.545311860091516,0.515997389053035,0.482420366035824,0.5,-7.10168032873097,6.01105660854793,0,2
union_common240__all__first_last,global_signal_radius_DiD,M2,3,-0.607979145698284,0.259337454562382,0.143734209199572,0.25,-1.72381815249739,0.507859861100827,0,3
union_common240__all__first_last,var_between_sdi,pooled,5,-0.41062408031426,0.435494886521985,0.399124532988075,0.5,-1.61975172633689,0.798503565708374,3,2
union_common240__all__first_last,var_between_sdi,M1,2,-0.924138307396408,1.03474494426984,0.535908052764297,1,-14.0718194190106,12.2235428042178,1,1
union_common240__all__first_last,var_between_sdi,M2,3,-0.0682812622594942,0.358871422262293,0.866662502621419,1,-1.61238036688542,1.47581784236643,2,1
union_common240__all__first_last,var_between_svm,pooled,5,-3.73293479007769,3.62240342517723,0.360999881036972,0.3125,-13.7903390489627,6.32446946880736,1,4
union_common240__all__first_last,var_between_svm,M1,2,-8.13622334455677,9.9039001122335,0.562181228912848,1,-133.977205857219,117.704759168106,1,1
union_common240__all__first_last,var_between_svm,M2,3,-0.797409087091642,0.521507906911871,0.265863915552749,0.25,-3.04127650635193,1.44645833216865,0,3
union_common240__all__first_last,var_noise_variance_DiD,pooled,5,12.4524294960572,13.9536600734067,0.42260674512112,0.625,-26.2891417143469,51.1940007064612,3,2
union_common240__all__first_last,var_noise_variance_DiD,M1,2,34.7755898868192,32.9167332789873,0.482522574242276,0.5,-383.471162402049,453.022342175687,2,0
union_common240__all__first_last,var_noise_variance_DiD,M2,3,-2.42967743111754,3.31641447763406,0.540016454366321,0.75,-16.6990572362903,11.8397023740553,1,2
union_common240__all__first_last,var_rms_radius_DiD,pooled,5,0.0725006351979093,0.11937584849634,0.576419851432991,0.5625,-0.258939855038586,0.403941125434405,3,2
union_common240__all__first_last,var_rms_radius_DiD,M1,2,0.289894763786861,0.0431536598511668,0.0940762291026727,0.5,-0.258424473397307,0.838214000971028,2,0
union_common240__all__first_last,var_rms_radius_DiD,M2,3,-0.0724287838613916,0.143616017880332,0.664108902423477,0.75,-0.690358635229947,0.545501067507164,1,2
union_common240__all__first_last,var_rms_radius_raw_DiD,pooled,5,0.4425011598456,0.84237529582729,0.627144961557031,0.5,-1.89630760699362,2.78130992668482,3,2
union_common240__all__first_last,var_rms_radius_raw_DiD,M1,2,1.77812147263524,0.295206407405438,0.104737251150276,0.5,-1.97283157928885,5.52907452455933,2,0
union_common240__all__first_last,var_rms_radius_raw_DiD,M2,3,-0.447912382014162,1.15983885863522,0.736571248003466,1,-5.4382962131905,4.54247144916217,1,2
union_common240__all__first_last,var_signal_dimension_DiD,pooled,5,0.180793036093071,0.327907207122938,0.610740477593477,1,-0.729623324082488,1.09120939626863,1,4
union_common240__all__first_last,var_signal_dimension_DiD,M1,2,0.62323529149079,0.863629211529492,0.602044654245725,1,-10.3502142863441,11.5966848693256,1,1
union_common240__all__first_last,var_signal_dimension_DiD,M2,3,-0.114168467505409,0.0322354233494966,0.0713001602351999,0.25,-0.25286629977475,0.0245293647639322,0,3
union_common240__all__first_last,var_signal_distance_DiD,pooled,5,11.2179652951958,9.50498754564144,0.303304833460664,0.3125,-15.1721108508664,37.608041441258,4,1
union_common240__all__first_last,var_signal_distance_DiD,M1,2,29.9385256887184,8.7527645506015,0.181074419478801,0.5,-81.2758926987564,141.152944076193,2,0
union_common240__all__first_last,var_signal_distance_DiD,M2,3,-1.2624083004859,8.99514732268669,0.901247401233612,1,-39.9654034829423,37.4405868819705,2,1
union_common240__all__first_last,var_signal_radius_DiD,pooled,5,0.251870182399265,0.266318464773964,0.397828775792151,0.4375,-0.4875484155462,0.991288780344729,3,2
union_common240__all__first_last,var_signal_radius_DiD,M1,2,0.603694076862475,0.0602842025299708,0.0633620709683577,0.5,-0.162289342840355,1.3696774965653,2,0
union_common240__all__first_last,var_signal_radius_DiD,M2,3,0.0173209194237914,0.407970985023107,0.969992414857227,1,-1.73803655294445,1.77267839179204,1,2
union_common240__all__first_last,var_within_sdi_DiD,pooled,5,1.53847785500869,5.43940233040915,0.791333101421361,0.9375,-13.5637241204573,16.6406798304746,2,3
union_common240__all__first_last,var_within_sdi_DiD,M1,2,11.706106718917,10.7078705026182,0.471666017156745,0.5,-124.350288175795,147.762501613629,2,0
union_common240__all__first_last,var_within_sdi_DiD,M2,3,-5.23994138759685,1.7235001753018,0.0932931334509126,0.25,-12.6555641215828,2.17568134638912,0,3
union_common240__all__first_last,var_within_svm_DiD,pooled,5,0.951232242052077,5.28549622208065,0.865925410545882,0.875,-13.7236578722852,15.6261223563893,2,3
union_common240__all__first_last,var_within_svm_DiD,M1,2,5.67097047142234,14.6078208179643,0.764256187455817,1,-179.938991590987,191.280932533832,1,1
union_common240__all__first_last,var_within_svm_DiD,M2,3,-2.19525991086143,3.10106034716286,0.552382053682119,0.75,-15.5380456786995,11.1475258569767,1,2
union_common240__all__first_last,var_within_svm_loo_DiD,pooled,5,0.670059941406992,7.05536035502192,0.92890471444855,0.9375,-18.9187607817002,20.2588806645142,3,2
union_common240__all__first_last,var_within_svm_loo_DiD,M1,2,2.77983022312186,19.9235279493439,0.91174537455539,1,-250.37259496814,255.932255414384,1,1
union_common240__all__first_last,var_within_svm_loo_DiD,M2,3,-0.736453579736251,5.58019056946142,0.907082305559714,1,-24.7460757659516,23.2731686064791,2,1
union_common240__all__calendar_thirds,global_RSA_Hyper_net,pooled,2,0.293578015519586,0.295156056198472,0.501706389251384,1,-3.45673526366008,4.04389129469926,1,1
union_common240__all__calendar_thirds,global_RSA_Hyper_net,M1,1,0.588734071718058,NaN,NaN,1,NaN,NaN,1,0
union_common240__all__calendar_thirds,global_RSA_Hyper_net,M2,1,-0.00157804067888576,NaN,NaN,1,NaN,NaN,0,1
union_common240__all__calendar_thirds,global_RSA_Polar_net,pooled,5,0.0908781692528622,0.029942537394894,0.0385876029953556,0.125,0.00774435786560695,0.174011980640117,4,1
union_common240__all__calendar_thirds,global_RSA_Polar_net,M1,2,0.0715053805065649,0.0103956777759047,0.0919098569894459,0.5,-0.0605842296853811,0.203594990698511,2,0
union_common240__all__calendar_thirds,global_RSA_Polar_net,M2,3,0.103793361750394,0.052383130555376,0.186054492868658,0.5,-0.121593057926517,0.329179781427305,2,1
union_common240__all__calendar_thirds,global_between_sdi,pooled,5,-0.106495044113476,0.237169943498477,0.676667388882304,0.75,-0.76498437283986,0.551994284612908,2,3
union_common240__all__calendar_thirds,global_between_sdi,M1,2,-0.274010591301736,0.366938897970271,0.591661854835528,1,-4.93641135457831,4.38839017197484,1,1
union_common240__all__calendar_thirds,global_between_sdi,M2,3,0.00518198734536387,0.356409207028523,0.989719612497118,1,-1.52832306018375,1.53868703487448,1,2
union_common240__all__calendar_thirds,global_between_svm,pooled,5,-1.16144374750282,1.90675211454979,0.575343289157569,0.625,-6.45543632277014,4.1325488277645,2,3
union_common240__all__calendar_thirds,global_between_svm,M1,2,-0.346542874396135,2.38820954106282,0.908263111791758,1,-30.6916222560262,29.9985365072339,1,1
union_common240__all__calendar_thirds,global_between_svm,M2,3,-1.70471099624061,3.13829672821957,0.641441904626793,0.75,-15.2077119806783,11.7982899881971,1,2
union_common240__all__calendar_thirds,global_orthogonality_Hyper_minus_Grating,pooled,2,-2.63716173171997,5.33107805252075,0.707549511128895,1,-70.3749309315761,65.1006074681362,1,1
union_common240__all__calendar_thirds,global_orthogonality_Hyper_minus_Grating,M1,1,-7.96823978424072,NaN,NaN,1,NaN,NaN,0,1
union_common240__all__calendar_thirds,global_orthogonality_Hyper_minus_Grating,M2,1,2.69391632080078,NaN,NaN,1,NaN,NaN,1,0
union_common240__all__calendar_thirds,global_orthogonality_Polar_minus_Grating,pooled,5,7.1071694056193,5.64335086869838,0.276368311550484,0.3125,-8.56128449069202,22.7756233019306,4,1
union_common240__all__calendar_thirds,global_orthogonality_Polar_minus_Grating,M1,2,7.08313131332397,4.53419351577759,0.362499120609082,0.5,-50.5292598115818,64.6955224382298,2,0
union_common240__all__calendar_thirds,global_orthogonality_Polar_minus_Grating,M2,3,7.12319480048285,9.96517630524862,0.548902236997515,0.75,-35.7534982317298,49.9998878326955,2,1
union_common240__all__calendar_thirds,global_rms_radius_DiD,pooled,5,-0.348031184181692,0.371553633372858,0.401947945058958,0.4375,-1.37962945087822,0.683567082514835,2,3
union_common240__all__calendar_thirds,global_rms_radius_DiD,M1,2,-0.752050042812041,0.886338865361953,0.55206348872824,1,-12.0140531317298,10.5099530461057,1,1
union_common240__all__calendar_thirds,global_rms_radius_DiD,M2,3,-0.0786852784281254,0.32806116143504,0.832788625090314,0.75,-1.49021853020138,1.33284797334513,1,2
union_common240__all__calendar_thirds,global_rms_radius_raw_DiD,pooled,5,-2.09987832703158,2.2538704071611,0.404244419891178,0.375,-8.35762578674418,4.15786913268102,2,3
union_common240__all__calendar_thirds,global_rms_radius_raw_DiD,M1,2,-4.486166678984,5.00552150160112,0.534799097034914,1,-68.0873476896524,59.1150143316844,1,1
union_common240__all__calendar_thirds,global_rms_radius_raw_DiD,M2,3,-0.509019425729969,2.32762056295944,0.847181520131299,0.75,-10.5239623947684,9.50592354330844,1,2
union_common240__all__calendar_thirds,global_signal_dimension_DiD,pooled,5,0.159165734182972,0.428238455878969,0.728985390990244,0.75,-1.02981483049965,1.3481462988656,3,2
union_common240__all__calendar_thirds,global_signal_dimension_DiD,M1,2,0.395837706026218,1.15925612989293,0.79052333556818,1,-14.3339080220589,15.1255834341114,1,1
union_common240__all__calendar_thirds,global_signal_dimension_DiD,M2,3,0.00138441962080756,0.363616528386739,0.997307798524475,1,-1.56313122882442,1.56590006806603,2,1
union_common240__all__calendar_thirds,global_signal_radius_DiD,pooled,5,-0.457932600311748,0.278758292919278,0.175777610743504,0.25,-1.23188969822077,0.316024497597273,1,4
union_common240__all__calendar_thirds,global_signal_radius_DiD,M1,2,-0.600285848295472,0.777822449749376,0.58156413473662,1,-10.483457143204,9.28288544661305,1,1
union_common240__all__calendar_thirds,global_signal_radius_DiD,M2,3,-0.363030434989266,0.21469359305199,0.232920152070716,0.25,-1.28678240919413,0.560721539215599,0,3
union_common240__all__calendar_thirds,var_between_sdi,pooled,3,-0.358680324700513,0.311398956849301,0.368487469809099,0.5,-1.69852189642929,0.981161247028266,1,2
union_common240__all__calendar_thirds,var_between_sdi,M1,1,-0.95349685928805,NaN,NaN,1,NaN,NaN,0,1
union_common240__all__calendar_thirds,var_between_sdi,M2,2,-0.0612720574067449,0.159852740409583,0.76697794316016,1,-2.0923937046895,1.96984958987601,1,1
union_common240__all__calendar_thirds,var_between_svm,pooled,3,-3.30507702052017,2.76644770837591,0.354669131221871,0.25,-15.2081408046729,8.59798676363257,0,3
union_common240__all__calendar_thirds,var_between_svm,M1,1,-8.80878894767787,NaN,NaN,1,NaN,NaN,0,1
union_common240__all__calendar_thirds,var_between_svm,M2,2,-0.553221056941318,0.491492661879569,0.462428098947297,0.5,-6.79822744511061,5.69178533122797,0,2
union_common240__all__calendar_thirds,var_noise_variance_DiD,pooled,3,0.442341440068131,1.8885635226559,0.836606430221427,1,-7.68349155599252,8.56817443612878,2,1
union_common240__all__calendar_thirds,var_noise_variance_DiD,M1,1,-3.32831153448292,NaN,NaN,1,NaN,NaN,0,1
union_common240__all__calendar_thirds,var_noise_variance_DiD,M2,2,2.32766792734366,0.191438362015867,0.0522410276526037,0.5,-0.104787094787876,4.76012294947519,2,0
union_common240__all__calendar_thirds,var_rms_radius_DiD,pooled,3,-0.0119841789599159,0.111770680714189,0.924400179715642,1,-0.492894603440778,0.468926245520946,1,2
union_common240__all__calendar_thirds,var_rms_radius_DiD,M1,1,-0.0602489442826091,NaN,NaN,1,NaN,NaN,0,1
union_common240__all__calendar_thirds,var_rms_radius_DiD,M2,2,0.0121482037014307,0.189026293205995,0.959142374957936,1,-2.38965857829413,2.41395498569699,1,1
union_common240__all__calendar_thirds,var_rms_radius_raw_DiD,pooled,3,-0.058279746437402,0.882427541492417,0.953350120303203,1,-3.85505901664585,3.73849952377105,1,2
union_common240__all__calendar_thirds,var_rms_radius_raw_DiD,M1,1,-0.272913257521623,NaN,NaN,1,NaN,NaN,0,1
union_common240__all__calendar_thirds,var_rms_radius_raw_DiD,M2,2,0.0490370091047083,1.51706441520879,0.979429308512787,1,-19.2270940485033,19.3251680667128,1,1
union_common240__all__calendar_thirds,var_signal_dimension_DiD,pooled,3,-0.149973476839996,0.0186393362770971,0.0150976435951182,0.25,-0.230172067953366,-0.0697748857266265,0,3
union_common240__all__calendar_thirds,var_signal_dimension_DiD,M1,1,-0.114069649955186,NaN,NaN,1,NaN,NaN,0,1
union_common240__all__calendar_thirds,var_signal_dimension_DiD,M2,2,-0.167925390282401,0.00868682806444987,0.0329031923990136,0.5,-0.27830200617725,-0.0575487743875532,0,2
union_common240__all__calendar_thirds,var_signal_distance_DiD,pooled,3,10.4235412814296,8.11319447337777,0.327580721031594,0.5,-24.4847170664375,45.3317996292967,2,1
union_common240__all__calendar_thirds,var_signal_distance_DiD,M1,1,22.6623625666705,NaN,NaN,1,NaN,NaN,1,0
union_common240__all__calendar_thirds,var_signal_distance_DiD,M2,2,4.30413063880917,9.22660359230274,0.722126180850783,1,-112.930983624514,121.539244902133,1,1
union_common240__all__calendar_thirds,var_signal_radius_DiD,pooled,3,0.125916832964802,0.373480188827183,0.768101472380812,0.75,-1.48103872099982,1.73287238692942,2,1
union_common240__all__calendar_thirds,var_signal_radius_DiD,M1,1,0.646592091343791,NaN,NaN,1,NaN,NaN,1,0
union_common240__all__calendar_thirds,var_signal_radius_DiD,M2,2,-0.134420796224692,0.463826811237928,0.820422003011783,1,-6.02789922194085,5.75905762949147,1,1
union_common240__all__calendar_thirds,var_within_sdi_DiD,pooled,3,8.13793140822874,10.3883720345984,0.515446908131601,1,-36.5596258840888,52.8354887005463,1,2
union_common240__all__calendar_thirds,var_within_sdi_DiD,M1,1,28.9144583703239,NaN,NaN,1,NaN,NaN,1,0
union_common240__all__calendar_thirds,var_within_sdi_DiD,M2,2,-2.25033207281886,0.0822565053598296,0.023260039911035,0.5,-3.2955000708031,-1.20516407483461,0,2
union_common240__all__calendar_thirds,var_within_svm_DiD,pooled,3,5.80637940459917,3.99294439350541,0.283115240643262,0.25,-11.3738736898547,22.986632499053,3,0
union_common240__all__calendar_thirds,var_within_svm_DiD,M1,1,13.757696337544,NaN,NaN,1,NaN,NaN,1,0
union_common240__all__calendar_thirds,var_within_svm_DiD,M2,2,1.83072093812674,0.642832842018277,0.214978146961991,0.5,-6.33724476369453,9.99868663994802,2,0
union_common240__all__calendar_thirds,var_within_svm_loo_DiD,pooled,3,8.74883563304917,4.21532876103704,0.173608260252026,0.25,-9.38826016741826,26.8859314335166,3,0
union_common240__all__calendar_thirds,var_within_svm_loo_DiD,M1,1,16.6133400296802,NaN,NaN,1,NaN,NaN,1,0
union_common240__all__calendar_thirds,var_within_svm_loo_DiD,M2,2,4.81658343473366,2.63043107444516,0.318220255985431,0.5,-28.6062123415625,38.2393792110298,2,0
fixed_count_common240__matched__thirds,global_RSA_Hyper_net,pooled,2,0.307620354529536,0.321200522764295,0.513746458225245,1,-3.77361924907994,4.38885995813901,1,1
fixed_count_common240__matched__thirds,global_RSA_Hyper_net,M1,1,0.628820877293831,NaN,NaN,1,NaN,NaN,1,0
fixed_count_common240__matched__thirds,global_RSA_Hyper_net,M2,1,-0.0135801682347593,NaN,NaN,1,NaN,NaN,0,1
fixed_count_common240__matched__thirds,global_RSA_Polar_net,pooled,5,0.0491558074042553,0.0175543696485344,0.048801426524993,0.125,0.000417063718749243,0.0978945510897614,4,1
fixed_count_common240__matched__thirds,global_RSA_Polar_net,M1,2,0.0737354701761733,0.0118249368804807,0.101232561084162,0.5,-0.0765145988195568,0.223985539171903,2,0
fixed_count_common240__matched__thirds,global_RSA_Polar_net,M2,3,0.03276936555631,0.0253955164593488,0.325980845713793,0.5,-0.0764987226609043,0.142037453773524,2,1
fixed_count_common240__matched__thirds,global_between_sdi,pooled,5,-0.102656648664896,0.211161978549636,0.652292002235575,0.625,-0.688936290412915,0.483622993083122,2,3
fixed_count_common240__matched__thirds,global_between_sdi,M1,2,-0.0615544771453349,0.336451078650946,0.88480298708717,1,-4.33657076619108,4.21346181190041,1,1
fixed_count_common240__matched__thirds,global_between_sdi,M2,3,-0.130058096344604,0.331601586254019,0.732751631170143,1,-1.55682456662971,1.2967083739405,1,2
fixed_count_common240__matched__thirds,global_between_svm,pooled,5,-0.865923422205591,1.58443859617864,0.613765708480067,0.625,-5.26503020705223,3.53318336264105,2,3
fixed_count_common240__matched__thirds,global_between_svm,M1,2,-1.30526277265407,3.43489240228369,0.768812840478751,1,-44.9497088828016,42.3391833374935,1,1
fixed_count_common240__matched__thirds,global_between_svm,M2,3,-0.573030521906603,2.08040640211781,0.808825617165196,0.75,-9.52429680696703,8.37823576315383,1,2
fixed_count_common240__matched__thirds,global_orthogonality_Hyper_minus_Grating,pooled,2,-2.4714370303684,1.52257686191136,0.351510599890451,0.5,-21.8176103643766,16.8747363036398,0,2
fixed_count_common240__matched__thirds,global_orthogonality_Hyper_minus_Grating,M1,1,-3.99401389227976,NaN,NaN,1,NaN,NaN,0,1
fixed_count_common240__matched__thirds,global_orthogonality_Hyper_minus_Grating,M2,1,-0.948860168457031,NaN,NaN,1,NaN,NaN,0,1
fixed_count_common240__matched__thirds,global_orthogonality_Polar_minus_Grating,pooled,5,1.35219090779621,5.82045998764335,0.827694130099644,0.9375,-14.8079967348958,17.5123785504882,3,2
fixed_count_common240__matched__thirds,global_orthogonality_Polar_minus_Grating,M1,2,-0.890017827351894,1.65642229715982,0.686114086846084,1,-21.9368586646294,20.1568230099256,1,1
fixed_count_common240__matched__thirds,global_orthogonality_Polar_minus_Grating,M2,3,2.84699673122828,10.4507518575526,0.810847199031522,1,-42.1189592766048,47.8129527390614,2,1
fixed_count_common240__matched__thirds,global_rms_radius_DiD,pooled,5,-0.324260216707777,0.316791104706642,0.363897541249219,0.3125,-1.20381332874073,0.555292895325181,1,4
fixed_count_common240__matched__thirds,global_rms_radius_DiD,M1,2,-0.631238023803365,0.347006961997819,0.319985224478579,0.5,-5.04037952782565,3.77790348021892,0,2
fixed_count_common240__matched__thirds,global_rms_radius_DiD,M2,3,-0.119608345310718,0.491966547571714,0.830571577710759,1,-2.23636955416557,1.99715286354414,1,2
fixed_count_common240__matched__thirds,global_rms_radius_raw_DiD,pooled,5,-1.68490551063349,1.64609486621333,0.363897541249219,0.3125,-6.25519754462271,2.88538652335572,1,4
fixed_count_common240__matched__thirds,global_rms_radius_raw_DiD,M1,2,-3.2800089866904,1.80310106628104,0.319985224478579,0.5,-26.1905802948722,19.6305623214914,0,2
fixed_count_common240__matched__thirds,global_rms_radius_raw_DiD,M2,3,-0.621503193262223,2.55633316805539,0.830571577710757,1,-11.6205170769448,10.3775106904204,1,2
fixed_count_common240__matched__thirds,global_signal_dimension_DiD,pooled,5,0.0718539401903867,0.195390585682989,0.731695637843422,0.75,-0.470637295030879,0.614345175411653,3,2
fixed_count_common240__matched__thirds,global_signal_dimension_DiD,M1,2,0.40274184082771,0.376236590073781,0.478346949399891,0.5,-4.37779730188998,5.1832809835454,2,0
fixed_count_common240__matched__thirds,global_signal_dimension_DiD,M2,3,-0.148737993567829,0.138735760083826,0.395883977902023,0.5,-0.745669790406369,0.448193803270711,1,2
fixed_count_common240__matched__thirds,global_signal_radius_DiD,pooled,5,-0.370926335453946,0.16722153971253,0.0907965260457013,0.1875,-0.835207760872437,0.0933550899645457,1,4
fixed_count_common240__matched__thirds,global_signal_radius_DiD,M1,2,-0.323799841747945,0.202734944077402,0.356124149806212,0.5,-2.89979154837234,2.25219186487645,0,2
fixed_count_common240__matched__thirds,global_signal_radius_DiD,M2,3,-0.402343997924613,0.279778165222926,0.287000959345539,0.5,-1.60613228424533,0.801444288396107,1,2
fixed_count_common240__matched__thirds,var_between_sdi,pooled,5,-0.396982932741726,0.26680549402953,0.210992533948867,0.25,-1.13775374067989,0.343787875196442,2,3
fixed_count_common240__matched__thirds,var_between_sdi,M1,2,-0.416088553677018,0.469658783879199,0.538456086654606,1,-6.38366921778894,5.5514921104349,1,1
fixed_count_common240__matched__thirds,var_between_sdi,M2,3,-0.384245852118197,0.404418911766413,0.442333205071893,0.5,-2.12431998679226,1.35582828255587,1,2
fixed_count_common240__matched__thirds,var_between_svm,pooled,5,-3.04988833917406,1.77140076102327,0.160223778791819,0.1875,-7.96808531146076,1.86830863311264,1,4
fixed_count_common240__matched__thirds,var_between_svm,M1,2,-3.81112714446051,5.02044252044251,0.586634176039811,1,-67.6018976754,59.979643386479,1,1
fixed_count_common240__matched__thirds,var_between_svm,M2,3,-2.54239580231643,1.31756795262429,0.193428448645588,0.25,-8.21143315030576,3.1266415456729,0,3
fixed_count_common240__matched__thirds,var_noise_variance_DiD,pooled,5,11.8519521258831,8.97105997696416,0.256963411416783,0.25,-13.0557034355949,36.759607687361,3,2
fixed_count_common240__matched__thirds,var_noise_variance_DiD,M1,2,22.6493414779353,23.1072577015019,0.506370857879681,1,-270.956205768897,316.254888724768,1,1
fixed_count_common240__matched__thirds,var_noise_variance_DiD,M2,3,4.65369255784827,5.05132934933126,0.45416144896473,0.5,-17.0804234559154,26.387808571612,2,1
fixed_count_common240__matched__thirds,var_rms_radius_DiD,pooled,5,0.246488362908096,0.0778122530443806,0.0339314741272071,0.0625,0.0304469138186133,0.462529811997579,5,0
fixed_count_common240__matched__thirds,var_rms_radius_DiD,M1,2,0.192524543156641,0.0102503639000124,0.0338628451092816,0.5,0.062281320822789,0.322767765490493,2,0
fixed_count_common240__matched__thirds,var_rms_radius_DiD,M2,3,0.282464242742399,0.136123605032826,0.173661824838852,0.25,-0.303228358035429,0.868156843520227,3,0
fixed_count_common240__matched__thirds,var_rms_radius_raw_DiD,pooled,5,1.28079110409388,0.404324327172819,0.0339314741272077,0.0625,0.15820680500252,2.40337540318525,5,0
fixed_count_common240__matched__thirds,var_rms_radius_raw_DiD,M1,2,1.00038687135385,0.0532624532126675,0.0338628451092778,0.5,0.323623236082774,1.67715050662493,2,0
fixed_count_common240__matched__thirds,var_rms_radius_raw_DiD,M2,3,1.46772725925391,0.707319000078878,0.173661824838852,0.25,-1.57562076723914,4.51107528574695,3,0
fixed_count_common240__matched__thirds,var_signal_dimension_DiD,pooled,5,0.162748421568449,0.337328757012615,0.654691298726023,0.9375,-0.773826354681681,1.09932319781858,2,3
fixed_count_common240__matched__thirds,var_signal_dimension_DiD,M1,2,0.56309762112781,0.914292106362697,0.648575119522424,1,-11.054085070985,12.1802803132407,1,1
fixed_count_common240__matched__thirds,var_signal_dimension_DiD,M2,3,-0.104151044804459,0.107771947504259,0.435800377103551,0.5,-0.567856308924074,0.359554219315156,1,2
fixed_count_common240__matched__thirds,var_signal_distance_DiD,pooled,5,14.7952820687164,9.64385056243812,0.199773157051346,0.1875,-11.9803396206238,41.5709037580567,4,1
fixed_count_common240__matched__thirds,var_signal_distance_DiD,M1,2,32.6986518247257,13.9266382986693,0.256328598590233,0.5,-144.256065684818,209.65336933427,2,0
fixed_count_common240__matched__thirds,var_signal_distance_DiD,M2,3,2.85970223137693,8.20303876019471,0.760656732612881,0.75,-32.4351248824155,38.1545293451694,2,1
fixed_count_common240__matched__thirds,var_signal_radius_DiD,pooled,5,0.245409231151683,0.217464802820026,0.322208650085399,0.25,-0.358369856190783,0.849188318494148,4,1
fixed_count_common240__matched__thirds,var_signal_radius_DiD,M1,2,0.60627763775205,0.0388355287983288,0.0407234778814663,0.5,0.112825457802875,1.09972981770123,2,0
fixed_count_common240__matched__thirds,var_signal_radius_DiD,M2,3,0.00483029341810415,0.291180277236554,0.988270846113856,1,-1.24801732128296,1.25767790811917,2,1
fixed_count_common240__matched__thirds,var_within_sdi_DiD,pooled,5,3.85717769964356,5.27668622993493,0.505303234314966,0.625,-10.7932519551239,18.507607354411,3,2
fixed_count_common240__matched__thirds,var_within_sdi_DiD,M1,2,13.8294363032603,7.85795142911843,0.328949378688093,0.5,-86.015303362035,113.674175968556,2,0
fixed_count_common240__matched__thirds,var_within_sdi_DiD,M2,3,-2.7909947027676,4.120822690264,0.568063092546503,0.75,-20.5214636998455,14.9394742943103,1,2
fixed_count_common240__matched__thirds,var_within_svm_DiD,pooled,5,0.184426214571207,2.89714363630515,0.952296804064852,0.9375,-7.85933405350317,8.22818648264558,3,2
fixed_count_common240__matched__thirds,var_within_svm_DiD,M1,2,1.03254030019731,6.97658990719515,0.906458855424953,1,-87.6134394209543,89.6785200213489,1,1
fixed_count_common240__matched__thirds,var_within_svm_DiD,M2,3,-0.380983175846195,3.36960811718818,0.92030558984644,1,-14.8792367394519,14.1172703877595,2,1
fixed_count_common240__matched__halves,global_RSA_Hyper_net,pooled,2,0.327320425474056,0.291774913494726,0.463488403424442,0.5,-3.38003136226959,4.03467221321771,2,0
fixed_count_common240__matched__halves,global_RSA_Hyper_net,M1,1,0.619095338968782,NaN,NaN,1,NaN,NaN,1,0
fixed_count_common240__matched__halves,global_RSA_Hyper_net,M2,1,0.0355455119793301,NaN,NaN,1,NaN,NaN,1,0
fixed_count_common240__matched__halves,global_RSA_Polar_net,pooled,5,0.0569668288651515,0.0205146328988303,0.049977369298716,0.125,9.0767682644835e-06,0.113924580962038,4,1
fixed_count_common240__matched__halves,global_RSA_Polar_net,M1,2,0.100261121127449,0.014700714070795,0.0926834864805613,0.5,-0.0865291616240364,0.287051403878934,2,0
fixed_count_common240__matched__halves,global_RSA_Polar_net,M2,3,0.0281039673569531,0.0170136977304665,0.240368058471499,0.5,-0.0451000656261708,0.101308000340077,2,1
fixed_count_common240__matched__halves,global_between_sdi,pooled,5,-0.216076949662169,0.166868687483348,0.265043576673289,0.25,-0.679378700236091,0.247224800911752,2,3
fixed_count_common240__matched__halves,global_between_sdi,M1,2,-0.0488784259809392,0.323775027486551,0.904613502089576,1,-4.16283021368564,4.06507336172376,1,1
fixed_count_common240__matched__halves,global_between_sdi,M2,3,-0.327542632116323,0.205774209860871,0.252431668083998,0.5,-1.21291759788624,0.557832333653592,1,2
fixed_count_common240__matched__halves,global_between_svm,pooled,5,-1.30257604696488,1.17670318215781,0.330393354265177,0.3125,-4.56962783733761,1.96447574340785,2,3
fixed_count_common240__matched__halves,global_between_svm,M1,2,-0.92494007099986,3.05456970062948,0.812815626809038,1,-39.7369280681139,37.8870479261141,1,1
fixed_count_common240__matched__halves,global_between_svm,M2,3,-1.55433336427489,1.19418398672173,0.322799857546875,0.5,-6.69249235456624,3.58382562601647,1,2
fixed_count_common240__matched__halves,global_orthogonality_Hyper_minus_Grating,pooled,2,-1.10389099121095,2.6547815958659,0.749131724285702,1,-34.8360894781116,32.6283074956898,1,1
fixed_count_common240__matched__halves,global_orthogonality_Hyper_minus_Grating,M1,1,-3.75867258707684,NaN,NaN,1,NaN,NaN,0,1
fixed_count_common240__matched__halves,global_orthogonality_Hyper_minus_Grating,M2,1,1.55089060465495,NaN,NaN,1,NaN,NaN,1,0
fixed_count_common240__matched__halves,global_orthogonality_Polar_minus_Grating,pooled,5,0.575349205864791,3.68363421975305,0.883448595587868,1,-9.65205899290766,10.8027574046372,2,3
fixed_count_common240__matched__halves,global_orthogonality_Polar_minus_Grating,M1,2,-2.35336825052897,0.193071873982746,0.0521119963575823,0.5,-4.80657901015066,0.0998425090927118,0,2
fixed_count_common240__matched__halves,global_orthogonality_Polar_minus_Grating,M2,3,2.5278275101273,6.36025918414557,0.729447846047252,1,-24.8381590304507,29.8938140507053,2,1
fixed_count_common240__matched__halves,global_rms_radius_DiD,pooled,5,-0.321975429819478,0.149956001410375,0.0982973815432421,0.125,-0.738320035930346,0.09436917629139,1,4
fixed_count_common240__matched__halves,global_rms_radius_DiD,M1,2,-0.355033162542165,0.0708021007366195,0.125313231600156,0.5,-1.25465915025292,0.544592825168588,0,2
fixed_count_common240__matched__halves,global_rms_radius_DiD,M2,3,-0.299936941337687,0.269588408483845,0.381695518304486,0.5,-1.45988224300951,0.86000836033414,1,2
fixed_count_common240__matched__halves,global_rms_radius_raw_DiD,pooled,5,-1.67303340970849,0.779194240027919,0.0982973815432434,0.125,-3.83642344343232,0.490356624015345,1,4
fixed_count_common240__matched__halves,global_rms_radius_raw_DiD,M1,2,-1.84480642768467,0.367898507275306,0.125313231600157,0.5,-6.51940018325777,2.82978732788843,0,2
fixed_count_common240__matched__halves,global_rms_radius_raw_DiD,M2,3,-1.55851806439103,1.40082246187696,0.381695518304488,0.5,-7.58577065388029,4.46873452509822,1,2
fixed_count_common240__matched__halves,global_signal_dimension_DiD,pooled,5,0.0729683768761108,0.117298684735683,0.56759669213505,0.5625,-0.252704982204415,0.398641735956637,4,1
fixed_count_common240__matched__halves,global_signal_dimension_DiD,M1,2,0.219600104361636,0.193094853607707,0.459169301242309,0.5,-2.23390263907957,2.67310284780284,2,0
fixed_count_common240__matched__halves,global_signal_dimension_DiD,M2,3,-0.0247861081142395,0.146594019214573,0.881287853266786,1,-0.655529265052765,0.605957048824286,2,1
fixed_count_common240__matched__halves,global_signal_radius_DiD,pooled,5,-0.255244388180854,0.240696616144543,0.348729901105019,0.375,-0.923525329913042,0.413036553551334,1,4
fixed_count_common240__matched__halves,global_signal_radius_DiD,M1,2,0.0716570748034666,0.598191860628813,0.924101324241559,1,-7.52909117785952,7.67240532746645,1,1
fixed_count_common240__matched__halves,global_signal_radius_DiD,M2,3,-0.473178696837068,0.120287845432376,0.0589658684346255,0.25,-0.990735523342364,0.0443781296682271,0,3
fixed_count_common240__matched__halves,var_between_sdi,pooled,5,-0.37662142551422,0.191331595387083,0.120386865315085,0.25,-0.90784309699637,0.154600245967931,2,3
fixed_count_common240__matched__halves,var_between_sdi,M1,2,-0.308168341361311,0.361738571563491,0.550800268552157,1,-4.90449269261842,4.28815600989579,1,1
fixed_count_common240__matched__halves,var_between_sdi,M2,3,-0.422256814949492,0.275326044229661,0.264844621561714,0.5,-1.60688917072536,0.762375540826378,1,2
fixed_count_common240__matched__halves,var_between_svm,pooled,5,-2.52881854574976,1.54958352540897,0.178029398144322,0.25,-6.83115213996663,1.77351504846711,2,3
fixed_count_common240__matched__halves,var_between_svm,M1,2,-2.96334152815637,4.17265690413837,0.60687061153813,1,-55.9819744459514,50.0552913896386,1,1
fixed_count_common240__matched__halves,var_between_svm,M2,3,-2.23913655747868,1.44756596611953,0.261964106018047,0.5,-8.46751021309529,3.98923709813793,1,2
fixed_count_common240__matched__halves,var_noise_variance_DiD,pooled,5,9.75206090607843,9.1219031347765,0.345256749062351,0.4375,-15.5744024025602,35.0785242147171,3,2
fixed_count_common240__matched__halves,var_noise_variance_DiD,M1,2,22.5603877192655,23.1962114601717,0.508845760442118,1,-272.175424197277,317.296199635809,1,1
fixed_count_common240__matched__halves,var_noise_variance_DiD,M2,3,1.21317636395372,2.62074304402672,0.688912622336519,0.75,-10.0629708483998,12.4893235763072,2,1
fixed_count_common240__matched__halves,var_rms_radius_DiD,pooled,5,0.122911802967449,0.0690035941507452,0.149468537606762,0.1875,-0.0686728882534421,0.314496494188341,4,1
fixed_count_common240__matched__halves,var_rms_radius_DiD,M1,2,0.222961978975597,0.0201870719189436,0.0574830916094578,0.5,-0.0335390898503837,0.479463047801578,2,0
fixed_count_common240__matched__halves,var_rms_radius_DiD,M2,3,0.0562116856286841,0.100869628705866,0.633386507243593,0.75,-0.377795297671426,0.490218668928794,2,1
fixed_count_common240__matched__halves,var_rms_radius_raw_DiD,pooled,5,0.638668462768548,0.358553192921856,0.149468537606761,0.1875,-0.356834794672379,1.63417172020948,4,1
fixed_count_common240__matched__halves,var_rms_radius_raw_DiD,M1,2,1.15854442722551,0.104895102658986,0.0574830916094659,0.5,-0.174274222981633,2.49136307743265,2,0
fixed_count_common240__matched__halves,var_rms_radius_raw_DiD,M2,3,0.292084486463909,0.524133965577498,0.63338650724359,0.75,-1.96308195128252,2.54725092421034,2,1
fixed_count_common240__matched__halves,var_signal_dimension_DiD,pooled,5,0.307509121493108,0.324488373615131,0.396957547242712,0.5,-0.593415035124215,1.20843327811043,2,3
fixed_count_common240__matched__halves,var_signal_dimension_DiD,M1,2,0.598386122149389,0.879003605341119,0.61949696532515,1,-10.5704136511506,11.7671858954493,1,1
fixed_count_common240__matched__halves,var_signal_dimension_DiD,M2,3,0.113591121055587,0.215456099209652,0.650688226019749,1,-0.813441652349992,1.04062389446117,1,2
fixed_count_common240__matched__halves,var_signal_distance_DiD,pooled,5,13.4612167883456,10.095544085998,0.253273641133891,0.375,-14.568507173532,41.4909407502232,3,2
fixed_count_common240__matched__halves,var_signal_distance_DiD,M1,2,34.7687799670757,11.8565101563194,0.209221134368976,0.5,-115.882465535653,185.420025469805,2,0
fixed_count_common240__matched__halves,var_signal_distance_DiD,M2,3,-0.743825330807711,6.37537423242558,0.917780021896755,0.75,-28.174846675128,26.6871960135126,1,2
fixed_count_common240__matched__halves,var_signal_radius_DiD,pooled,5,0.132579687453691,0.275643320986571,0.655655058507124,0.6875,-0.632728861879939,0.89788823678732,4,1
fixed_count_common240__matched__halves,var_signal_radius_DiD,M1,2,0.670385575216993,0.102943466263272,0.0970007393360594,0.5,-0.637635183375631,1.97840633380962,2,0
fixed_count_common240__matched__halves,var_signal_radius_DiD,M2,3,-0.225957571055177,0.298404884498285,0.527970570702583,1,-1.5098901619123,1.05797501980194,2,1
fixed_count_common240__matched__halves,var_within_sdi_DiD,pooled,5,3481069.58152448,3481063.1008485,0.373900167028722,0.3125,-6183911.02571099,13146050.1887599,4,1
fixed_count_common240__matched__halves,var_within_sdi_DiD,M1,2,16.4132935496634,10.4418086755215,0.360707797127405,0.5,-116.262465297478,149.089052396805,2,0
fixed_count_common240__matched__halves,var_within_sdi_DiD,M2,3,5801771.69367843,5801775.14561122,0.422649959817861,0.75,-19161251.9739783,30764795.3613351,2,1
fixed_count_common240__matched__halves,var_within_svm_DiD,pooled,5,0.966910151928435,3.44549436157277,0.792910570671249,0.875,-8.59931580324687,10.5331361071037,3,2
fixed_count_common240__matched__halves,var_within_svm_DiD,M1,2,2.97070318613195,8.91475279312979,0.79522386453414,1,-110.30197097576,116.243377348024,1,1
fixed_count_common240__matched__halves,var_within_svm_DiD,M2,3,-0.368951870873912,3.29390948336527,0.921044004298029,1,-14.5415005010231,13.8035967592753,2,1
fixed_count_common240__matched__first_last,global_RSA_Hyper_net,pooled,2,1.33035752983702,1.34393769807178,0.503232750524259,1,-15.7459900145264,18.4067050742004,1,1
fixed_count_common240__matched__first_last,global_RSA_Hyper_net,M1,1,2.6742952279088,NaN,NaN,1,NaN,NaN,1,0
fixed_count_common240__matched__first_last,global_RSA_Hyper_net,M2,1,-0.0135801682347593,NaN,NaN,1,NaN,NaN,0,1
fixed_count_common240__matched__first_last,global_RSA_Polar_net,pooled,5,0.0583551635177299,0.049853633218203,0.30676608662386,0.375,-0.080060712407276,0.196771039442736,3,2
fixed_count_common240__matched__first_last,global_RSA_Polar_net,M1,2,0.0170579830600078,0.0685024239966462,0.844633355434032,1,-0.853347841165625,0.887463807285641,1,1
fixed_count_common240__matched__first_last,global_RSA_Polar_net,M2,3,0.0858866171562113,0.0759799026809183,0.375636707123407,0.5,-0.24102851851994,0.412801752832363,2,1
fixed_count_common240__matched__first_last,global_between_sdi,pooled,5,-0.0191183641549372,0.190897956504187,0.925044300465997,0.9375,-0.549136061083248,0.510899332773373,2,3
fixed_count_common240__matched__first_last,global_between_sdi,M1,2,0.111853987808614,0.163042613696997,0.617202926724649,1,-1.95979884254647,2.1835068181637,1,1
fixed_count_common240__matched__first_last,global_between_sdi,M2,3,-0.106433265463972,0.321064795707877,0.771779580510944,1,-1.48786358514292,1.27499705421498,1,2
fixed_count_common240__matched__first_last,global_between_svm,pooled,5,0.283596067463344,1.68265884459587,0.874337184901659,0.9375,-4.38821384533263,4.95540598025932,3,2
fixed_count_common240__matched__first_last,global_between_svm,M1,2,-0.588768115942045,2.71839774557166,0.864214082414264,1,-35.1292864255313,33.9517501936472,1,1
fixed_count_common240__matched__first_last,global_between_svm,M2,3,0.865172189733604,2.55964555634545,0.76754181574665,1,-10.1480937504672,11.8784381299344,2,1
fixed_count_common240__matched__first_last,global_orthogonality_Hyper_minus_Grating,pooled,2,-12.8989429473877,11.9500827789307,0.475702475664396,0.5,-164.739141350716,138.941255455941,0,2
fixed_count_common240__matched__first_last,global_orthogonality_Hyper_minus_Grating,M1,1,-24.8490257263184,NaN,NaN,1,NaN,NaN,0,1
fixed_count_common240__matched__first_last,global_orthogonality_Hyper_minus_Grating,M2,1,-0.948860168457031,NaN,NaN,1,NaN,NaN,0,1
fixed_count_common240__matched__first_last,global_orthogonality_Polar_minus_Grating,pooled,5,2.0528709411621,9.79999356980336,0.844312317484969,0.9375,-25.1562732366883,29.2620151190125,2,3
fixed_count_common240__matched__first_last,global_orthogonality_Polar_minus_Grating,M1,2,-9.39403216044108,6.84759203592936,0.40099367397713,0.5,-96.4009385187589,77.6128741978767,0,2
fixed_count_common240__matched__first_last,global_orthogonality_Polar_minus_Grating,M2,3,9.68413967556422,15.221949487816,0.589742764401886,0.75,-55.8106228402955,75.178902191424,2,1
fixed_count_common240__matched__first_last,global_rms_radius_DiD,pooled,5,-0.56403988791136,0.433192431771275,0.262814072087053,0.25,-1.76677489471145,0.638695118888726,1,4
fixed_count_common240__matched__first_last,global_rms_radius_DiD,M1,2,-1.02102090641085,0.736789844605299,0.39794441257533,0.5,-10.3828235195001,8.34078170667843,0,2
fixed_count_common240__matched__first_last,global_rms_radius_DiD,M2,3,-0.25938587557837,0.573191300879237,0.695235886065924,0.75,-2.72562899097506,2.20685723981832,1,2
fixed_count_common240__matched__first_last,global_rms_radius_raw_DiD,pooled,5,-2.93083723007379,2.25093390384649,0.262814072087053,0.25,-9.18043164953214,3.31875718938455,1,4
fixed_count_common240__matched__first_last,global_rms_radius_raw_DiD,M1,2,-5.30538025648083,3.82847233607147,0.39794441257533,0.5,-53.9507335853859,43.3399730724243,0,2
fixed_count_common240__matched__first_last,global_rms_radius_raw_DiD,M2,3,-1.34780854580243,2.97838936673802,0.695235886065923,0.75,-14.1627836848545,11.4671665932497,1,2
fixed_count_common240__matched__first_last,global_signal_dimension_DiD,pooled,5,0.170353322401757,0.266766389681045,0.557822904899131,0.6875,-0.570308914459467,0.911015559262981,3,2
fixed_count_common240__matched__first_last,global_signal_dimension_DiD,M1,2,0.599117834130221,0.572612583376292,0.485601731185843,0.5,-6.67661488475884,7.87485055301928,2,0
fixed_count_common240__matched__first_last,global_signal_dimension_DiD,M2,3,-0.115489685417219,0.160581808639162,0.546701401397233,0.75,-0.806417442706616,0.575438071872179,1,2
fixed_count_common240__matched__first_last,global_signal_radius_DiD,pooled,5,-0.674821571665128,0.241948551907686,0.0493567886262005,0.125,-1.34657844431892,-0.00306469901134021,1,4
fixed_count_common240__matched__first_last,global_signal_radius_DiD,M1,2,-0.828252444551181,0.301717658725834,0.22239760046398,0.5,-4.66193878884092,3.00543389973856,0,2
fixed_count_common240__matched__first_last,global_signal_radius_DiD,M2,3,-0.572534323074426,0.38949643452553,0.27936654272554,0.5,-2.24840222031338,1.10333357416453,1,2
fixed_count_common240__matched__first_last,var_between_sdi,pooled,5,-0.540422131756642,0.358797867468253,0.206481411475016,0.25,-1.53660471464428,0.455760451130996,2,3
fixed_count_common240__matched__first_last,var_between_sdi,M1,2,-0.786499665183536,0.840069895385716,0.520959168303944,1,-11.4605997486513,9.88760041828423,1,1
fixed_count_common240__matched__first_last,var_between_sdi,M2,3,-0.37637044280538,0.400299088364016,0.446354445819489,0.5,-2.09871840807103,1.34597752246027,1,2
fixed_count_common240__matched__first_last,var_between_svm,pooled,5,-4.66877352512276,3.08740319433006,0.205023395571244,0.1875,-13.2407790117925,3.90323196154695,1,4
fixed_count_common240__matched__first_last,var_between_svm,M1,2,-7.51777029554817,8.72708567153017,0.547304613813254,1,-118.405907588147,103.370366997051,1,1
fixed_count_common240__matched__first_last,var_between_svm,M2,3,-2.76944234483916,1.36998656062466,0.180607419551428,0.25,-8.66401875963092,3.12513406995259,0,3
fixed_count_common240__matched__first_last,var_noise_variance_DiD,pooled,5,10.9856324490922,9.29163333716406,0.302561012790222,0.375,-14.8120774491696,36.783342347354,3,2
fixed_count_common240__matched__first_last,var_noise_variance_DiD,M1,2,25.0016442818999,20.7549548975373,0.441083825536681,0.5,-238.715061936281,288.71835050008,2,0
fixed_count_common240__matched__first_last,var_noise_variance_DiD,M2,3,1.64162456055376,5.92064284502877,0.807602538076139,1,-23.8328455384809,27.1160946595884,1,2
fixed_count_common240__matched__first_last,var_rms_radius_DiD,pooled,5,0.28064378121148,0.113661042849344,0.0690112527807644,0.0625,-0.0349298648592589,0.596217427282219,5,0
fixed_count_common240__matched__first_last,var_rms_radius_DiD,M1,2,0.419026676180465,0.216251769123811,0.303304509260597,0.5,-2.32871257686667,3.1667659292276,2,0
fixed_count_common240__matched__first_last,var_rms_radius_DiD,M2,3,0.188388517898823,0.129752486082153,0.28365578202638,0.25,-0.369891370534333,0.74666840633198,3,0
fixed_count_common240__matched__first_last,var_rms_radius_raw_DiD,pooled,5,1.45826786365957,0.590600103168982,0.0690112527807652,0.0625,-0.181500901913259,3.09803662923241,5,0
fixed_count_common240__matched__first_last,var_rms_radius_raw_DiD,M1,2,2.17732647861382,1.1236771540473,0.303304509260601,0.5,-12.1003454980733,16.4549984553009,2,0
fixed_count_common240__matched__first_last,var_rms_radius_raw_DiD,M2,3,0.978895453690077,0.674213694907982,0.283655782026378,0.25,-1.92201194114022,3.87980284852038,3,0
fixed_count_common240__matched__first_last,var_signal_dimension_DiD,pooled,5,0.127078181687692,0.350232094657705,0.735084799943458,0.9375,-0.845322003207863,1.09947836658325,2,3
fixed_count_common240__matched__first_last,var_signal_dimension_DiD,M1,2,0.568114498162565,0.909275229327943,0.644476532980055,1,-10.9853227272105,12.1215517235356,1,1
fixed_count_common240__matched__first_last,var_signal_dimension_DiD,M2,3,-0.166946029295556,0.158803202316208,0.403413624800763,0.5,-0.850221061234344,0.516329002643233,1,2
fixed_count_common240__matched__first_last,var_signal_distance_DiD,pooled,5,15.7737461103084,9.96464682350835,0.188595912298116,0.1875,-11.8925487878461,43.4400410084629,4,1
fixed_count_common240__matched__first_last,var_signal_distance_DiD,M1,2,35.9343008333614,10.6909892900336,0.184094722342217,0.5,-99.907597918057,171.77619958478,2,0
fixed_count_common240__matched__first_last,var_signal_distance_DiD,M2,3,2.33337629493968,8.1900617268921,0.802510579901973,0.75,-32.9056151510892,37.5723677409686,2,1
fixed_count_common240__matched__first_last,var_signal_radius_DiD,pooled,5,0.336389992929842,0.254609014410061,0.256942037921747,0.1875,-0.370517958868206,1.04329794472789,4,1
fixed_count_common240__matched__first_last,var_signal_radius_DiD,M1,2,0.672004428755696,0.104562319801974,0.0982685580165967,0.5,-0.656585814337566,2.00059467184896,2,0
fixed_count_common240__matched__first_last,var_signal_radius_DiD,M2,3,0.112647035712607,0.387124358819867,0.798465023923207,0.75,-1.5530146435162,1.77830871494142,2,1
fixed_count_common240__matched__first_last,var_within_sdi_DiD,pooled,5,3.01767320754951,5.99200354385853,0.64100138051931,0.75,-13.6187957021243,19.6541421172233,2,3
fixed_count_common240__matched__first_last,var_within_sdi_DiD,M1,2,15.2164794627416,9.24499458859975,0.347570945241784,0.5,-102.252314564834,132.685273490317,2,0
fixed_count_common240__matched__first_last,var_within_sdi_DiD,M2,3,-5.11486429591191,2.91850511582949,0.221772787609547,0.25,-17.6721782993234,7.44244970749961,0,3
fixed_count_common240__matched__first_last,var_within_svm_DiD,pooled,5,1.40243623518722,4.78313410611518,0.783948286750857,0.9375,-11.8776730412409,14.6825455116153,2,3
fixed_count_common240__matched__first_last,var_within_svm_DiD,M1,2,6.88578613545683,12.8298357424547,0.68641665089751,1,-156.132733539664,169.904305810578,1,1
fixed_count_common240__matched__first_last,var_within_svm_DiD,M2,3,-2.25313036499253,2.1654219535804,0.407372547646636,0.5,-11.5701890446246,7.06392831463957,1,2
fixed_count_common240__matched__calendar_thirds,global_RSA_Hyper_net,pooled,2,0.000949045933801296,0.0145292141685606,0.958475089619792,1,-0.18366212394766,0.185560215815263,1,1
fixed_count_common240__matched__calendar_thirds,global_RSA_Hyper_net,M1,1,0.0154782601023619,NaN,NaN,1,NaN,NaN,1,0
fixed_count_common240__matched__calendar_thirds,global_RSA_Hyper_net,M2,1,-0.0135801682347593,NaN,NaN,1,NaN,NaN,0,1
fixed_count_common240__matched__calendar_thirds,global_RSA_Polar_net,pooled,5,0.0489794126518568,0.0213691106478522,0.0836664770944536,0.125,-0.0103507500088025,0.108309575312516,4,1
fixed_count_common240__matched__calendar_thirds,global_RSA_Polar_net,M1,2,0.0572610466881602,0.0279650710945855,0.289221047212922,0.5,-0.298068872101324,0.412590965477645,2,0
fixed_count_common240__matched__calendar_thirds,global_RSA_Polar_net,M2,3,0.0434583232943213,0.0349763472155312,0.339971623485861,0.5,-0.107032752529249,0.193949399117891,2,1
fixed_count_common240__matched__calendar_thirds,global_between_sdi,pooled,5,-0.0842470826657276,0.193968858558211,0.686449076122622,0.6875,-0.622790970570475,0.45429680523902,2,3
fixed_count_common240__matched__calendar_thirds,global_between_sdi,M1,2,-0.0412540433553821,0.242050942158402,0.892530132057167,1,-3.11680287100402,3.03429478429325,1,1
fixed_count_common240__matched__calendar_thirds,global_between_sdi,M2,3,-0.112909108872625,0.323815715727024,0.76061256485366,1,-1.50617568208128,1.28035746433603,1,2
fixed_count_common240__matched__calendar_thirds,global_between_svm,pooled,5,-0.796782108272615,1.45223180071587,0.612424233618658,0.625,-4.82882398298276,3.23525976643753,2,3
fixed_count_common240__matched__calendar_thirds,global_between_svm,M1,2,-0.526327587468899,2.76128129117259,0.880092320074866,1,-35.6117330072767,34.5590778323389,1,1
fixed_count_common240__matched__calendar_thirds,global_between_svm,M2,3,-0.977085122141759,2.10896406228952,0.688677229588011,0.75,-10.0512251016953,8.09705485741175,1,2
fixed_count_common240__matched__calendar_thirds,global_orthogonality_Hyper_minus_Grating,pooled,2,-6.86743693881565,5.91857677035862,0.45284238693371,0.5,-82.0700851297599,68.3352112521286,0,2
fixed_count_common240__matched__calendar_thirds,global_orthogonality_Hyper_minus_Grating,M1,1,-12.7860137091743,NaN,NaN,1,NaN,NaN,0,1
fixed_count_common240__matched__calendar_thirds,global_orthogonality_Hyper_minus_Grating,M2,1,-0.948860168457031,NaN,NaN,1,NaN,NaN,0,1
fixed_count_common240__matched__calendar_thirds,global_orthogonality_Polar_minus_Grating,pooled,5,-1.26584498087567,5.55379326285736,0.830881907615758,0.875,-16.6856471008165,14.1539571390651,2,3
fixed_count_common240__matched__calendar_thirds,global_orthogonality_Polar_minus_Grating,M1,2,-4.78529209560819,3.08148299323188,0.364216230003102,0.5,-43.9392458986528,34.3686617074365,0,2
fixed_count_common240__matched__calendar_thirds,global_orthogonality_Polar_minus_Grating,M2,3,1.08045309561268,9.63165750081509,0.920927056200696,1,-40.3612243422812,42.5221305335066,2,1
fixed_count_common240__matched__calendar_thirds,global_rms_radius_DiD,pooled,5,-0.465523540662855,0.477108758303551,0.384452862592677,0.4375,-1.79018981730175,0.859142735976037,1,4
fixed_count_common240__matched__calendar_thirds,global_rms_radius_DiD,M1,2,-1.10669141012841,0.980987633794552,0.461713938534442,0.5,-13.5713211287776,11.3579383085207,0,2
fixed_count_common240__matched__calendar_thirds,global_rms_radius_DiD,M2,3,-0.0380782943524836,0.457832043482006,0.94129074727219,1,-2.00797058600711,1.93181399730214,1,2
fixed_count_common240__matched__calendar_thirds,global_rms_radius_raw_DiD,pooled,5,-2.41893127364227,2.47912983035355,0.384452862592677,0.4375,-9.30209915627721,4.46423660899268,1,4
fixed_count_common240__matched__calendar_thirds,global_rms_radius_raw_DiD,M1,2,-5.75053725192737,5.09736126998679,0.461713938534441,0.5,-70.518653162627,59.0175786587723,0,2
fixed_count_common240__matched__calendar_thirds,global_rms_radius_raw_DiD,M2,3,-0.1978606214522,2.37896508193176,0.941290747272189,1,-10.4337212252045,10.0379999823001,1,2
fixed_count_common240__matched__calendar_thirds,global_signal_dimension_DiD,pooled,5,0.0990021298335277,0.351387689674106,0.792113655315117,0.875,-0.876606501188905,1.07461076085596,2,3
fixed_count_common240__matched__calendar_thirds,global_signal_dimension_DiD,M1,2,0.458997379142209,0.978273907647553,0.720716108799111,1,-11.9711511794853,12.8891459377697,1,1
fixed_count_common240__matched__calendar_thirds,global_signal_dimension_DiD,M2,3,-0.140994703038926,0.143432849506908,0.429248281978584,0.75,-0.758136444505569,0.476147038427716,1,2
fixed_count_common240__matched__calendar_thirds,global_signal_radius_DiD,pooled,5,-0.572892455430007,0.295448632964958,0.1245118551778,0.125,-1.39318936626294,0.247404455402931,1,4
fixed_count_common240__matched__calendar_thirds,global_signal_radius_DiD,M1,2,-0.923276690107394,0.686256068557263,0.406920031199406,0.5,-9.64298679863832,7.79643341842353,0,2
fixed_count_common240__matched__calendar_thirds,global_signal_radius_DiD,M2,3,-0.339302965645082,0.256473760229985,0.316848395732836,0.5,-1.44282049020774,0.764214558917573,1,2
fixed_count_common240__matched__calendar_thirds,var_between_sdi,pooled,3,-0.382485942761481,0.405267944690233,0.444902331971402,0.5,-2.12621317126287,1.3612412857399,1,2
fixed_count_common240__matched__calendar_thirds,var_between_sdi,M1,1,-0.716471573847254,NaN,NaN,1,NaN,NaN,0,1
fixed_count_common240__matched__calendar_thirds,var_between_sdi,M2,2,-0.215493127218595,0.639583082680833,0.793110156379218,1,-8.342166721555,7.91118046711781,1,1
fixed_count_common240__matched__calendar_thirds,var_between_svm,pooled,3,-3.46818514785888,2.10790034424701,0.24163992956287,0.25,-12.5377483180731,5.60137802235536,0,3
fixed_count_common240__matched__calendar_thirds,var_between_svm,M1,1,-7.34090241034686,NaN,NaN,1,NaN,NaN,0,1
fixed_count_common240__matched__calendar_thirds,var_between_svm,M2,2,-1.5318265166149,1.44266327930352,0.480922413176006,0.5,-19.8626015088066,16.7989484755768,0,2
fixed_count_common240__matched__calendar_thirds,var_noise_variance_DiD,pooled,3,4.54014836064962,4.58684152638964,0.426587928942907,0.5,-15.195437853799,24.2757345750982,2,1
fixed_count_common240__matched__calendar_thirds,var_noise_variance_DiD,M1,1,-1.71500461400081,NaN,NaN,1,NaN,NaN,0,1
fixed_count_common240__matched__calendar_thirds,var_noise_variance_DiD,M2,2,7.66772484797483,5.8113803448431,0.412872708534402,0.5,-66.1728636133831,81.5083133093328,2,0
fixed_count_common240__matched__calendar_thirds,var_rms_radius_DiD,pooled,3,0.264030822598257,0.0943641644517862,0.107522376519184,0.25,-0.141985407170747,0.670047052367262,3,0
fixed_count_common240__matched__calendar_thirds,var_rms_radius_DiD,M1,1,0.119290486817235,NaN,NaN,1,NaN,NaN,1,0
fixed_count_common240__matched__calendar_thirds,var_rms_radius_DiD,M2,2,0.336400990488769,0.104887859147515,0.192413031138378,0.5,-0.996325622178606,1.66912760315614,2,0
fixed_count_common240__matched__calendar_thirds,var_rms_radius_raw_DiD,pooled,3,1.37194439851315,0.490330581732832,0.107522376519184,0.25,-0.737777817459261,3.48166661448556,3,0
fixed_count_common240__matched__calendar_thirds,var_rms_radius_raw_DiD,M1,1,0.619851552081215,NaN,NaN,1,NaN,NaN,1,0
fixed_count_common240__matched__calendar_thirds,var_rms_radius_raw_DiD,M2,2,1.74799082172911,0.545013303421857,0.192413031138375,0.5,-5.1770597954879,8.67304143894613,2,0
fixed_count_common240__matched__calendar_thirds,var_signal_dimension_DiD,pooled,3,-0.174485397599695,0.153745597739491,0.374119970507272,0.5,-0.83599931340048,0.48702851820109,1,2
fixed_count_common240__matched__calendar_thirds,var_signal_dimension_DiD,M1,1,-0.199684784752388,NaN,NaN,1,NaN,NaN,0,1
fixed_count_common240__matched__calendar_thirds,var_signal_dimension_DiD,M2,2,-0.161885704023349,0.265399452972622,0.651311797115701,1,-3.53410549036225,3.21033408231555,1,1
fixed_count_common240__matched__calendar_thirds,var_signal_distance_DiD,pooled,3,13.1787537104077,7.17985541360406,0.207851079260613,0.5,-17.7136707841422,44.0711782049577,2,1
fixed_count_common240__matched__calendar_thirds,var_signal_distance_DiD,M1,1,23.5603715667518,NaN,NaN,1,NaN,NaN,1,0
fixed_count_common240__matched__calendar_thirds,var_signal_distance_DiD,M2,2,7.9879447822357,8.59170991679813,0.52317292231247,1,-101.180080454424,117.155970018895,1,1
fixed_count_common240__matched__calendar_thirds,var_signal_radius_DiD,pooled,3,0.19112574067536,0.367974714991968,0.655245647554941,0.75,-1.39214167126361,1.77439315261433,2,1
fixed_count_common240__matched__calendar_thirds,var_signal_radius_DiD,M1,1,0.740535342494839,NaN,NaN,1,NaN,NaN,1,0
fixed_count_common240__matched__calendar_thirds,var_signal_radius_DiD,M2,2,-0.0835790602343796,0.42406130416684,0.876115205661479,1,-5.4717888116675,5.30463069119874,1,1
fixed_count_common240__matched__calendar_thirds,var_within_sdi_DiD,pooled,3,9.16023822600413,9.55484277227278,0.438876887652616,0.75,-31.9509321104422,50.2714085624505,2,1
fixed_count_common240__matched__calendar_thirds,var_within_sdi_DiD,M1,1,28.2625863808707,NaN,NaN,1,NaN,NaN,1,0
fixed_count_common240__matched__calendar_thirds,var_within_sdi_DiD,M2,2,-0.390935851429156,0.458565629173668,0.550575355409227,1,-6.21756462068254,5.43569291782423,1,1
fixed_count_common240__matched__calendar_thirds,var_within_svm_DiD,pooled,3,4.98490089273062,3.80690381748336,0.320597543058223,0.25,-11.3948842094578,21.364685994919,3,0
fixed_count_common240__matched__calendar_thirds,var_within_svm_DiD,M1,1,12.5347053204932,NaN,NaN,1,NaN,NaN,1,0
fixed_count_common240__matched__calendar_thirds,var_within_svm_DiD,M2,2,1.20999867884935,0.85316461108688,0.390972123844278,0.5,-9.6304855432794,12.0504829009781,2,0
fixed_count_common240__all__thirds,global_RSA_Hyper_net,pooled,2,0.611961701583638,0.569688421017314,0.477234772318609,0.5,-6.62661601169044,7.85053941485772,2,0
fixed_count_common240__all__thirds,global_RSA_Hyper_net,M1,1,1.18165012260095,NaN,NaN,1,NaN,NaN,1,0
fixed_count_common240__all__thirds,global_RSA_Hyper_net,M2,1,0.042273280566324,NaN,NaN,1,NaN,NaN,1,0
fixed_count_common240__all__thirds,global_RSA_Polar_net,pooled,5,0.0331965117189021,0.0279016354375493,0.299928771437799,0.25,-0.044270847418695,0.110663870856499,4,1
fixed_count_common240__all__thirds,global_RSA_Polar_net,M1,2,0.0635809624880112,0.0219794445686428,0.211887443365048,0.5,-0.215694360188567,0.342856285164589,2,0
fixed_count_common240__all__thirds,global_RSA_Polar_net,M2,3,0.0129402112061627,0.0438300703593588,0.795642357760231,0.75,-0.175645360670643,0.201525783082969,2,1
fixed_count_common240__all__thirds,global_between_sdi,pooled,5,-0.177607693156531,0.247429014835818,0.512562278498391,0.5625,-0.86458077028135,0.509365383968288,2,3
fixed_count_common240__all__thirds,global_between_sdi,M1,2,-0.102610143010283,0.377506744515894,0.831042279283323,1,-4.89928812811603,4.69406784209546,1,1
fixed_count_common240__all__thirds,global_between_sdi,M2,3,-0.227606059920696,0.391716497875986,0.619963501963917,0.75,-1.9130261187947,1.45781399895331,1,2
fixed_count_common240__all__thirds,global_between_svm,pooled,5,-1.03267827229378,1.97739635873424,0.629089419991952,0.8125,-6.52281071353739,4.45745416894983,2,3
fixed_count_common240__all__thirds,global_between_svm,M1,2,0.267846795247152,1.86178283438247,0.90903635734712,1,-23.3883470727121,23.9240406632064,1,1
fixed_count_common240__all__thirds,global_between_svm,M2,3,-1.89969498398773,3.30735472616792,0.623701257197185,0.75,-16.1300938247839,12.3307038568084,1,2
fixed_count_common240__all__thirds,global_orthogonality_Hyper_minus_Grating,pooled,2,-4.43055491977269,0.151163525051526,0.021712037409803,0.5,-6.35126961771926,-2.50984022182613,0,2
fixed_count_common240__all__thirds,global_orthogonality_Hyper_minus_Grating,M1,1,-4.27939139472117,NaN,NaN,1,NaN,NaN,0,1
fixed_count_common240__all__thirds,global_orthogonality_Hyper_minus_Grating,M2,1,-4.58171844482422,NaN,NaN,1,NaN,NaN,0,1
fixed_count_common240__all__thirds,global_orthogonality_Polar_minus_Grating,pooled,5,1.18393173217772,5.7745970688427,0.847563799149684,0.9375,-14.8489200341001,17.2167834984556,3,2
fixed_count_common240__all__thirds,global_orthogonality_Polar_minus_Grating,M1,2,-1.06162198384603,1.48481814066568,0.604842432847739,1,-19.9280252751305,17.8047813074384,1,1
fixed_count_common240__all__thirds,global_orthogonality_Polar_minus_Grating,M2,3,2.68096754286023,10.3738588504113,0.820235806236561,1,-41.9541445578976,47.316079643618,2,1
fixed_count_common240__all__thirds,global_rms_radius_DiD,pooled,5,-0.317120596014944,0.31201488691524,0.366932984791153,0.3125,-1.1834128015396,0.549171609509718,1,4
fixed_count_common240__all__thirds,global_rms_radius_DiD,M1,2,-0.466486086521146,0.182255024715601,0.237116349060612,0.5,-2.78225574475415,1.84928357171186,0,2
fixed_count_common240__all__thirds,global_rms_radius_DiD,M2,3,-0.217543602344142,0.548674945140953,0.73004857591299,0.75,-2.5783013528,2.14321414811172,1,2
fixed_count_common240__all__thirds,global_rms_radius_raw_DiD,pooled,5,-1.64780695327321,1.62127691056516,0.366932984791154,0.3125,-6.14919329578205,2.85357938923562,1,4
fixed_count_common240__all__thirds,global_rms_radius_raw_DiD,M1,2,-2.42393280863578,0.947024888226419,0.237116349060611,0.5,-14.4570249286936,9.60915931142206,0,2
fixed_count_common240__all__thirds,global_rms_radius_raw_DiD,M2,3,-1.13038971636484,2.85099864547259,0.73004857591299,0.75,-13.3972468208195,11.1364673880898,1,2
fixed_count_common240__all__thirds,global_signal_dimension_DiD,pooled,5,0.307691388195756,0.190876023618707,0.182256077571441,0.25,-0.222265413280021,0.837648189671533,4,1
fixed_count_common240__all__thirds,global_signal_dimension_DiD,M1,2,0.451371582525482,0.424866331771553,0.480748809464993,0.5,-4.94706701447139,5.84981017952235,2,0
fixed_count_common240__all__thirds,global_signal_dimension_DiD,M2,3,0.211904591975938,0.223172952598176,0.44257997351219,0.75,-0.74833112172685,1.17214030567873,2,1
fixed_count_common240__all__thirds,global_signal_radius_DiD,pooled,5,-0.430622159771744,0.223633506662846,0.126458085890791,0.1875,-1.05152831470402,0.190283995160532,1,4
fixed_count_common240__all__thirds,global_signal_radius_DiD,M1,2,-0.279047051173448,0.247487734651899,0.461888031677147,0.5,-3.42367687735256,2.86558277500566,0,2
fixed_count_common240__all__thirds,global_signal_radius_DiD,M2,3,-0.531672232170609,0.365411906837463,0.28291537486687,0.5,-2.10391277060778,1.04056830626656,1,2
fixed_count_common240__all__thirds,var_between_sdi,pooled,5,-0.396982932741726,0.26680549402953,0.210992533948867,0.25,-1.13775374067989,0.343787875196442,2,3
fixed_count_common240__all__thirds,var_between_sdi,M1,2,-0.416088553677018,0.469658783879199,0.538456086654606,1,-6.38366921778894,5.5514921104349,1,1
fixed_count_common240__all__thirds,var_between_sdi,M2,3,-0.384245852118197,0.404418911766413,0.442333205071893,0.5,-2.12431998679226,1.35582828255587,1,2
fixed_count_common240__all__thirds,var_between_svm,pooled,5,-3.04988833917406,1.77140076102327,0.160223778791819,0.1875,-7.96808531146076,1.86830863311264,1,4
fixed_count_common240__all__thirds,var_between_svm,M1,2,-3.81112714446051,5.02044252044251,0.586634176039811,1,-67.6018976754,59.979643386479,1,1
fixed_count_common240__all__thirds,var_between_svm,M2,3,-2.54239580231643,1.31756795262429,0.193428448645588,0.25,-8.21143315030576,3.1266415456729,0,3
fixed_count_common240__all__thirds,var_noise_variance_DiD,pooled,5,11.8519521258831,8.97105997696416,0.256963411416783,0.25,-13.0557034355949,36.759607687361,3,2
fixed_count_common240__all__thirds,var_noise_variance_DiD,M1,2,22.6493414779353,23.1072577015019,0.506370857879681,1,-270.956205768897,316.254888724768,1,1
fixed_count_common240__all__thirds,var_noise_variance_DiD,M2,3,4.65369255784827,5.05132934933126,0.45416144896473,0.5,-17.0804234559154,26.387808571612,2,1
fixed_count_common240__all__thirds,var_rms_radius_DiD,pooled,5,0.246488362908096,0.0778122530443806,0.0339314741272071,0.0625,0.0304469138186133,0.462529811997579,5,0
fixed_count_common240__all__thirds,var_rms_radius_DiD,M1,2,0.192524543156641,0.0102503639000124,0.0338628451092816,0.5,0.062281320822789,0.322767765490493,2,0
fixed_count_common240__all__thirds,var_rms_radius_DiD,M2,3,0.282464242742399,0.136123605032826,0.173661824838852,0.25,-0.303228358035429,0.868156843520227,3,0
fixed_count_common240__all__thirds,var_rms_radius_raw_DiD,pooled,5,1.28079110409388,0.404324327172819,0.0339314741272077,0.0625,0.15820680500252,2.40337540318525,5,0
fixed_count_common240__all__thirds,var_rms_radius_raw_DiD,M1,2,1.00038687135385,0.0532624532126675,0.0338628451092778,0.5,0.323623236082774,1.67715050662493,2,0
fixed_count_common240__all__thirds,var_rms_radius_raw_DiD,M2,3,1.46772725925391,0.707319000078878,0.173661824838852,0.25,-1.57562076723914,4.51107528574695,3,0
fixed_count_common240__all__thirds,var_signal_dimension_DiD,pooled,5,0.162748421568449,0.337328757012615,0.654691298726023,0.9375,-0.773826354681681,1.09932319781858,2,3
fixed_count_common240__all__thirds,var_signal_dimension_DiD,M1,2,0.56309762112781,0.914292106362697,0.648575119522424,1,-11.054085070985,12.1802803132407,1,1
fixed_count_common240__all__thirds,var_signal_dimension_DiD,M2,3,-0.104151044804459,0.107771947504259,0.435800377103551,0.5,-0.567856308924074,0.359554219315156,1,2
fixed_count_common240__all__thirds,var_signal_distance_DiD,pooled,5,14.7952820687164,9.64385056243812,0.199773157051346,0.1875,-11.9803396206238,41.5709037580567,4,1
fixed_count_common240__all__thirds,var_signal_distance_DiD,M1,2,32.6986518247257,13.9266382986693,0.256328598590233,0.5,-144.256065684818,209.65336933427,2,0
fixed_count_common240__all__thirds,var_signal_distance_DiD,M2,3,2.85970223137693,8.20303876019471,0.760656732612881,0.75,-32.4351248824155,38.1545293451694,2,1
fixed_count_common240__all__thirds,var_signal_radius_DiD,pooled,5,0.245409231151683,0.217464802820026,0.322208650085399,0.25,-0.358369856190783,0.849188318494148,4,1
fixed_count_common240__all__thirds,var_signal_radius_DiD,M1,2,0.60627763775205,0.0388355287983288,0.0407234778814663,0.5,0.112825457802875,1.09972981770123,2,0
fixed_count_common240__all__thirds,var_signal_radius_DiD,M2,3,0.00483029341810415,0.291180277236554,0.988270846113856,1,-1.24801732128296,1.25767790811917,2,1
fixed_count_common240__all__thirds,var_within_sdi_DiD,pooled,5,3.85717769964356,5.27668622993493,0.505303234314966,0.625,-10.7932519551239,18.507607354411,3,2
fixed_count_common240__all__thirds,var_within_sdi_DiD,M1,2,13.8294363032603,7.85795142911843,0.328949378688093,0.5,-86.015303362035,113.674175968556,2,0
fixed_count_common240__all__thirds,var_within_sdi_DiD,M2,3,-2.7909947027676,4.120822690264,0.568063092546503,0.75,-20.5214636998455,14.9394742943103,1,2
fixed_count_common240__all__thirds,var_within_svm_DiD,pooled,5,0.184426214571207,2.89714363630515,0.952296804064852,0.9375,-7.85933405350317,8.22818648264558,3,2
fixed_count_common240__all__thirds,var_within_svm_DiD,M1,2,1.03254030019731,6.97658990719515,0.906458855424953,1,-87.6134394209543,89.6785200213489,1,1
fixed_count_common240__all__thirds,var_within_svm_DiD,M2,3,-0.380983175846195,3.36960811718818,0.92030558984644,1,-14.8792367394519,14.1172703877595,2,1
fixed_count_common240__all__halves,global_RSA_Hyper_net,pooled,2,0.541090091814039,0.488080047728838,0.467238220208888,0.5,-5.6605549222705,6.74273510589858,2,0
fixed_count_common240__all__halves,global_RSA_Hyper_net,M1,1,1.02917013954288,NaN,NaN,1,NaN,NaN,1,0
fixed_count_common240__all__halves,global_RSA_Hyper_net,M2,1,0.0530100440852002,NaN,NaN,1,NaN,NaN,1,0
fixed_count_common240__all__halves,global_RSA_Polar_net,pooled,5,0.053255623341567,0.0224786497757903,0.0768908713732819,0.125,-0.00915511379988133,0.115666360483015,4,1
fixed_count_common240__all__halves,global_RSA_Polar_net,M1,2,0.0986820623759102,0.0131216553192562,0.0841570260912092,0.5,-0.0680443765880754,0.265408501339896,2,0
fixed_count_common240__all__halves,global_RSA_Polar_net,M2,3,0.0229713306520049,0.0219199314187453,0.404625781336739,0.5,-0.0713425221027805,0.11728518340679,2,1
fixed_count_common240__all__halves,global_between_sdi,pooled,5,-0.244113004309436,0.176503578868572,0.238838997223902,0.25,-0.734165501908975,0.245939493290102,2,3
fixed_count_common240__all__halves,global_between_sdi,M1,2,-0.0831523880842286,0.35804898958984,0.854728211172863,1,-4.63259615539322,4.46629137922476,1,1
fixed_count_common240__all__halves,global_between_sdi,M2,3,-0.351420081792908,0.216144643927141,0.245492300070487,0.5,-1.28141542400674,0.578575260420929,1,2
fixed_count_common240__all__halves,global_between_svm,pooled,5,-1.44144840146223,1.25764886203745,0.315640175020399,0.3125,-4.93324142852369,2.05034462559923,2,3
fixed_count_common240__all__halves,global_between_svm,M1,2,-0.126328959888752,2.25595858951837,0.964387817767301,1,-28.7910006746411,28.5383427548636,1,1
fixed_count_common240__all__halves,global_between_svm,M2,3,-2.31819469584454,1.61708505255033,0.288104948261222,0.5,-9.27595011143726,4.63956071974817,1,2
fixed_count_common240__all__halves,global_orthogonality_Hyper_minus_Grating,pooled,2,-2.06598205566408,0.676228332519528,0.201378704629136,0.5,-10.6582776970592,6.52631358573107,0,2
fixed_count_common240__all__halves,global_orthogonality_Hyper_minus_Grating,M1,1,-1.38975372314455,NaN,NaN,1,NaN,NaN,0,1
fixed_count_common240__all__halves,global_orthogonality_Hyper_minus_Grating,M2,1,-2.74221038818361,NaN,NaN,1,NaN,NaN,0,1
fixed_count_common240__all__halves,global_orthogonality_Polar_minus_Grating,pooled,5,0.801352013481974,3.59733386690747,0.834632948222625,1,-9.18644799305553,10.7891520200195,2,3
fixed_count_common240__all__halves,global_orthogonality_Polar_minus_Grating,M1,2,-1.61078580220541,0.935654322306313,0.335010484406793,0.5,-13.4994011837162,10.2778295793054,0,2
fixed_count_common240__all__halves,global_orthogonality_Polar_minus_Grating,M2,3,2.40944389060689,6.29378827149866,0.738703627942436,1,-24.670541396222,29.4894291774358,2,1
fixed_count_common240__all__halves,global_rms_radius_DiD,pooled,5,-0.301228149999077,0.141709031557915,0.100696054037376,0.125,-0.694675497030369,0.0922191970322148,1,4
fixed_count_common240__all__halves,global_rms_radius_DiD,M1,2,-0.342712342800652,0.0584812809951058,0.107597982600511,0.5,-1.08578747235823,0.400362786756926,0,2
fixed_count_common240__all__halves,global_rms_radius_DiD,M2,3,-0.273572021464694,0.254641058225972,0.395080419635653,0.5,-1.36920406574696,0.822060022817575,1,2
fixed_count_common240__all__halves,global_rms_radius_raw_DiD,pooled,5,-1.56522738140514,0.73634172764907,0.100696054037378,0.125,-3.60963976688928,0.479185004079013,1,4
fixed_count_common240__all__halves,global_rms_radius_raw_DiD,M1,2,-1.78078557033507,0.30387764992571,0.107597982600512,0.5,-5.64191720503876,2.08034606436862,0,2
fixed_count_common240__all__halves,global_rms_radius_raw_DiD,M2,3,-1.42152192211851,1.32315375162147,0.395080419635656,0.5,-7.11459302341086,4.27154917917383,1,2
fixed_count_common240__all__halves,global_signal_dimension_DiD,pooled,5,0.275157763366236,0.12000872660557,0.0835975353672708,0.0625,-0.0580398781988185,0.608355404931291,5,0
fixed_count_common240__all__halves,global_signal_dimension_DiD,M1,2,0.336254769577919,0.30974951882399,0.473894433830993,0.5,-3.5994860335313,4.27199557268713,2,0
fixed_count_common240__all__halves,global_signal_dimension_DiD,M2,3,0.234426425891781,0.118116853520138,0.185601617502373,0.25,-0.273789376336059,0.74264222811962,3,0
fixed_count_common240__all__halves,global_signal_radius_DiD,pooled,5,-0.267187780554537,0.228742237319464,0.307649336563069,0.3125,-0.902278045712155,0.36790248460308,1,4
fixed_count_common240__all__halves,global_signal_radius_DiD,M1,2,0.0408804310696147,0.567415216894962,0.954212718424402,1,-7.16881348521874,7.25057434735797,1,1
fixed_count_common240__all__halves,global_signal_radius_DiD,M2,3,-0.472566588303972,0.119851822337711,0.0587146499366331,0.25,-0.988247358850772,0.0431141822428271,0,3
fixed_count_common240__all__halves,var_between_sdi,pooled,5,-0.37662142551422,0.191331595387083,0.120386865315085,0.25,-0.90784309699637,0.154600245967931,2,3
fixed_count_common240__all__halves,var_between_sdi,M1,2,-0.308168341361311,0.361738571563491,0.550800268552157,1,-4.90449269261842,4.28815600989579,1,1
fixed_count_common240__all__halves,var_between_sdi,M2,3,-0.422256814949492,0.275326044229661,0.264844621561714,0.5,-1.60688917072536,0.762375540826378,1,2
fixed_count_common240__all__halves,var_between_svm,pooled,5,-2.52881854574976,1.54958352540897,0.178029398144322,0.25,-6.83115213996663,1.77351504846711,2,3
fixed_count_common240__all__halves,var_between_svm,M1,2,-2.96334152815637,4.17265690413837,0.60687061153813,1,-55.9819744459514,50.0552913896386,1,1
fixed_count_common240__all__halves,var_between_svm,M2,3,-2.23913655747868,1.44756596611953,0.261964106018047,0.5,-8.46751021309529,3.98923709813793,1,2
fixed_count_common240__all__halves,var_noise_variance_DiD,pooled,5,9.75206090607843,9.1219031347765,0.345256749062351,0.4375,-15.5744024025602,35.0785242147171,3,2
fixed_count_common240__all__halves,var_noise_variance_DiD,M1,2,22.5603877192655,23.1962114601717,0.508845760442118,1,-272.175424197277,317.296199635809,1,1
fixed_count_common240__all__halves,var_noise_variance_DiD,M2,3,1.21317636395372,2.62074304402672,0.688912622336519,0.75,-10.0629708483998,12.4893235763072,2,1
fixed_count_common240__all__halves,var_rms_radius_DiD,pooled,5,0.122911802967449,0.0690035941507452,0.149468537606762,0.1875,-0.0686728882534421,0.314496494188341,4,1
fixed_count_common240__all__halves,var_rms_radius_DiD,M1,2,0.222961978975597,0.0201870719189436,0.0574830916094578,0.5,-0.0335390898503837,0.479463047801578,2,0
fixed_count_common240__all__halves,var_rms_radius_DiD,M2,3,0.0562116856286841,0.100869628705866,0.633386507243593,0.75,-0.377795297671426,0.490218668928794,2,1
fixed_count_common240__all__halves,var_rms_radius_raw_DiD,pooled,5,0.638668462768548,0.358553192921856,0.149468537606761,0.1875,-0.356834794672379,1.63417172020948,4,1
fixed_count_common240__all__halves,var_rms_radius_raw_DiD,M1,2,1.15854442722551,0.104895102658986,0.0574830916094659,0.5,-0.174274222981633,2.49136307743265,2,0
fixed_count_common240__all__halves,var_rms_radius_raw_DiD,M2,3,0.292084486463909,0.524133965577498,0.63338650724359,0.75,-1.96308195128252,2.54725092421034,2,1
fixed_count_common240__all__halves,var_signal_dimension_DiD,pooled,5,0.307509121493108,0.324488373615131,0.396957547242712,0.5,-0.593415035124215,1.20843327811043,2,3
fixed_count_common240__all__halves,var_signal_dimension_DiD,M1,2,0.598386122149389,0.879003605341119,0.61949696532515,1,-10.5704136511506,11.7671858954493,1,1
fixed_count_common240__all__halves,var_signal_dimension_DiD,M2,3,0.113591121055587,0.215456099209652,0.650688226019749,1,-0.813441652349992,1.04062389446117,1,2
fixed_count_common240__all__halves,var_signal_distance_DiD,pooled,5,13.4612167883456,10.095544085998,0.253273641133891,0.375,-14.568507173532,41.4909407502232,3,2
fixed_count_common240__all__halves,var_signal_distance_DiD,M1,2,34.7687799670757,11.8565101563194,0.209221134368976,0.5,-115.882465535653,185.420025469805,2,0
fixed_count_common240__all__halves,var_signal_distance_DiD,M2,3,-0.743825330807711,6.37537423242558,0.917780021896755,0.75,-28.174846675128,26.6871960135126,1,2
fixed_count_common240__all__halves,var_signal_radius_DiD,pooled,5,0.132579687453691,0.275643320986571,0.655655058507124,0.6875,-0.632728861879939,0.89788823678732,4,1
fixed_count_common240__all__halves,var_signal_radius_DiD,M1,2,0.670385575216993,0.102943466263272,0.0970007393360594,0.5,-0.637635183375631,1.97840633380962,2,0
fixed_count_common240__all__halves,var_signal_radius_DiD,M2,3,-0.225957571055177,0.298404884498285,0.527970570702583,1,-1.5098901619123,1.05797501980194,2,1
fixed_count_common240__all__halves,var_within_sdi_DiD,pooled,5,3481069.58152448,3481063.1008485,0.373900167028722,0.3125,-6183911.02571099,13146050.1887599,4,1
fixed_count_common240__all__halves,var_within_sdi_DiD,M1,2,16.4132935496634,10.4418086755215,0.360707797127405,0.5,-116.262465297478,149.089052396805,2,0
fixed_count_common240__all__halves,var_within_sdi_DiD,M2,3,5801771.69367843,5801775.14561122,0.422649959817861,0.75,-19161251.9739783,30764795.3613351,2,1
fixed_count_common240__all__halves,var_within_svm_DiD,pooled,5,0.966910151928435,3.44549436157277,0.792910570671249,0.875,-8.59931580324687,10.5331361071037,3,2
fixed_count_common240__all__halves,var_within_svm_DiD,M1,2,2.97070318613195,8.91475279312979,0.79522386453414,1,-110.30197097576,116.243377348024,1,1
fixed_count_common240__all__halves,var_within_svm_DiD,M2,3,-0.368951870873912,3.29390948336527,0.921044004298029,1,-14.5415005010231,13.8035967592753,2,1
fixed_count_common240__all__first_last,global_RSA_Hyper_net,pooled,2,1.35872029239305,1.31557493551575,0.489730077570016,0.5,-15.3572441840499,18.074684768836,2,0
fixed_count_common240__all__first_last,global_RSA_Hyper_net,M1,1,2.6742952279088,NaN,NaN,1,NaN,NaN,1,0
fixed_count_common240__all__first_last,global_RSA_Hyper_net,M2,1,0.0431453568772987,NaN,NaN,1,NaN,NaN,1,0
fixed_count_common240__all__first_last,global_RSA_Polar_net,pooled,5,0.0562038388590776,0.0506500882080441,0.329364850525927,0.375,-0.0844233506239829,0.196831028342138,3,2
fixed_count_common240__all__first_last,global_RSA_Polar_net,M1,2,0.0170579830600078,0.0685024239966462,0.844633355434032,1,-0.853347841165625,0.887463807285641,1,1
fixed_count_common240__all__first_last,global_RSA_Polar_net,M2,3,0.0823010760584574,0.0783320614457187,0.403635601621027,0.5,-0.254734581947867,0.419336734064782,2,1
fixed_count_common240__all__first_last,global_between_sdi,pooled,5,-0.119643458471339,0.26386561195339,0.67375157069037,0.6875,-0.852251845209349,0.61296492826667,2,3
fixed_count_common240__all__first_last,global_between_sdi,M1,2,0.111853987808614,0.163042613696997,0.617202926724649,1,-1.95979884254647,2.1835068181637,1,1
fixed_count_common240__all__first_last,global_between_sdi,M2,3,-0.273975089324642,0.439829236476052,0.596904439902997,0.75,-2.16640755427195,1.61845737562267,1,2
fixed_count_common240__all__first_last,global_between_svm,pooled,5,-1.7270520806848,3.3779928626558,0.636093079315317,0.8125,-11.1058638295986,7.65175966822897,3,2
fixed_count_common240__all__first_last,global_between_svm,M1,2,-0.588768115942045,2.71839774557166,0.864214082414264,1,-35.1292864255313,33.9517501936472,1,1
fixed_count_common240__all__first_last,global_between_svm,M2,3,-2.48590805717997,5.90364823716154,0.714632427627787,1,-27.8872562602837,22.9154401459237,2,1
fixed_count_common240__all__first_last,global_orthogonality_Hyper_minus_Grating,pooled,2,-14.9036935170492,9.94533220926921,0.374616017675831,0.5,-141.271120737296,111.463733703198,0,2
fixed_count_common240__all__first_last,global_orthogonality_Hyper_minus_Grating,M1,1,-24.8490257263184,NaN,NaN,1,NaN,NaN,0,1
fixed_count_common240__all__first_last,global_orthogonality_Hyper_minus_Grating,M2,1,-4.95836130777995,NaN,NaN,1,NaN,NaN,0,1
fixed_count_common240__all__first_last,global_orthogonality_Polar_minus_Grating,pooled,5,2.66141179402669,9.98182728551759,0.802938081506,0.9375,-25.0525837137784,30.3754073018318,2,3
fixed_count_common240__all__first_last,global_orthogonality_Polar_minus_Grating,M1,2,-9.39403216044108,6.84759203592936,0.40099367397713,0.5,-96.4009385187589,77.6128741978767,0,2
fixed_count_common240__all__first_last,global_orthogonality_Polar_minus_Grating,M2,3,10.6983744303385,15.3542215836882,0.558038936534433,0.75,-55.3655089798956,76.7622578405726,2,1
fixed_count_common240__all__first_last,global_rms_radius_DiD,pooled,5,-0.670895812567094,0.449767217280207,0.210062106373592,0.1875,-1.91964980146316,0.577858176328969,1,4
fixed_count_common240__all__first_last,global_rms_radius_DiD,M1,2,-1.02102090641085,0.736789844605299,0.39794441257533,0.5,-10.3828235195001,8.34078170667843,0,2
fixed_count_common240__all__first_last,global_rms_radius_DiD,M2,3,-0.437479083337927,0.652107758661902,0.571403059305326,0.5,-3.24327231123536,2.36831414455951,1,2
fixed_count_common240__all__first_last,global_rms_radius_raw_DiD,pooled,5,-3.48607690185424,2.33705901572457,0.210062106373592,0.1875,-9.9747929666211,3.00263916291261,1,4
fixed_count_common240__all__first_last,global_rms_radius_raw_DiD,M1,2,-5.30538025648083,3.82847233607147,0.39794441257533,0.5,-53.9507335853859,43.3399730724243,0,2
fixed_count_common240__all__first_last,global_rms_radius_raw_DiD,M2,3,-2.27320799876985,3.38845131003684,0.571403059305325,0.5,-16.852537277523,12.3061212799833,1,2
fixed_count_common240__all__first_last,global_signal_dimension_DiD,pooled,5,0.634813479647681,0.385630113778024,0.175073716494587,0.1875,-0.43586736216818,1.70549432146354,4,1
fixed_count_common240__all__first_last,global_signal_dimension_DiD,M1,2,0.599117834130221,0.572612583376292,0.485601731185843,0.5,-6.67661488475884,7.87485055301928,2,0
fixed_count_common240__all__first_last,global_signal_dimension_DiD,M2,3,0.658610576659322,0.621046708934592,0.400063507679453,0.5,-2.01353774084002,3.33075889415866,2,1
fixed_count_common240__all__first_last,global_signal_radius_DiD,pooled,5,-0.840066505563643,0.296553150817177,0.0472123012763689,0.125,-1.66343004958098,-0.0167029615463098,1,4
fixed_count_common240__all__first_last,global_signal_radius_DiD,M1,2,-0.828252444551181,0.301717658725834,0.22239760046398,0.5,-4.66193878884092,3.00543389973856,0,2
fixed_count_common240__all__first_last,global_signal_radius_DiD,M2,3,-0.847942546238617,0.512565945983628,0.239889104833294,0.5,-3.05333581290169,1.35745072042446,1,2
fixed_count_common240__all__first_last,var_between_sdi,pooled,5,-0.540422131756642,0.358797867468253,0.206481411475016,0.25,-1.53660471464428,0.455760451130996,2,3
fixed_count_common240__all__first_last,var_between_sdi,M1,2,-0.786499665183536,0.840069895385716,0.520959168303944,1,-11.4605997486513,9.88760041828423,1,1
fixed_count_common240__all__first_last,var_between_sdi,M2,3,-0.37637044280538,0.400299088364016,0.446354445819489,0.5,-2.09871840807103,1.34597752246027,1,2
fixed_count_common240__all__first_last,var_between_svm,pooled,5,-4.66877352512276,3.08740319433006,0.205023395571244,0.1875,-13.2407790117925,3.90323196154695,1,4
fixed_count_common240__all__first_last,var_between_svm,M1,2,-7.51777029554817,8.72708567153017,0.547304613813254,1,-118.405907588147,103.370366997051,1,1
fixed_count_common240__all__first_last,var_between_svm,M2,3,-2.76944234483916,1.36998656062466,0.180607419551428,0.25,-8.66401875963092,3.12513406995259,0,3
fixed_count_common240__all__first_last,var_noise_variance_DiD,pooled,5,10.9856324490922,9.29163333716406,0.302561012790222,0.375,-14.8120774491696,36.783342347354,3,2
fixed_count_common240__all__first_last,var_noise_variance_DiD,M1,2,25.0016442818999,20.7549548975373,0.441083825536681,0.5,-238.715061936281,288.71835050008,2,0
fixed_count_common240__all__first_last,var_noise_variance_DiD,M2,3,1.64162456055376,5.92064284502877,0.807602538076139,1,-23.8328455384809,27.1160946595884,1,2
fixed_count_common240__all__first_last,var_rms_radius_DiD,pooled,5,0.28064378121148,0.113661042849344,0.0690112527807644,0.0625,-0.0349298648592589,0.596217427282219,5,0
fixed_count_common240__all__first_last,var_rms_radius_DiD,M1,2,0.419026676180465,0.216251769123811,0.303304509260597,0.5,-2.32871257686667,3.1667659292276,2,0
fixed_count_common240__all__first_last,var_rms_radius_DiD,M2,3,0.188388517898823,0.129752486082153,0.28365578202638,0.25,-0.369891370534333,0.74666840633198,3,0
fixed_count_common240__all__first_last,var_rms_radius_raw_DiD,pooled,5,1.45826786365957,0.590600103168982,0.0690112527807652,0.0625,-0.181500901913259,3.09803662923241,5,0
fixed_count_common240__all__first_last,var_rms_radius_raw_DiD,M1,2,2.17732647861382,1.1236771540473,0.303304509260601,0.5,-12.1003454980733,16.4549984553009,2,0
fixed_count_common240__all__first_last,var_rms_radius_raw_DiD,M2,3,0.978895453690077,0.674213694907982,0.283655782026378,0.25,-1.92201194114022,3.87980284852038,3,0
fixed_count_common240__all__first_last,var_signal_dimension_DiD,pooled,5,0.127078181687692,0.350232094657705,0.735084799943458,0.9375,-0.845322003207863,1.09947836658325,2,3
fixed_count_common240__all__first_last,var_signal_dimension_DiD,M1,2,0.568114498162565,0.909275229327943,0.644476532980055,1,-10.9853227272105,12.1215517235356,1,1
fixed_count_common240__all__first_last,var_signal_dimension_DiD,M2,3,-0.166946029295556,0.158803202316208,0.403413624800763,0.5,-0.850221061234344,0.516329002643233,1,2
fixed_count_common240__all__first_last,var_signal_distance_DiD,pooled,5,15.7737461103084,9.96464682350835,0.188595912298116,0.1875,-11.8925487878461,43.4400410084629,4,1
fixed_count_common240__all__first_last,var_signal_distance_DiD,M1,2,35.9343008333614,10.6909892900336,0.184094722342217,0.5,-99.907597918057,171.77619958478,2,0
fixed_count_common240__all__first_last,var_signal_distance_DiD,M2,3,2.33337629493968,8.1900617268921,0.802510579901973,0.75,-32.9056151510892,37.5723677409686,2,1
fixed_count_common240__all__first_last,var_signal_radius_DiD,pooled,5,0.336389992929842,0.254609014410061,0.256942037921747,0.1875,-0.370517958868206,1.04329794472789,4,1
fixed_count_common240__all__first_last,var_signal_radius_DiD,M1,2,0.672004428755696,0.104562319801974,0.0982685580165967,0.5,-0.656585814337566,2.00059467184896,2,0
fixed_count_common240__all__first_last,var_signal_radius_DiD,M2,3,0.112647035712607,0.387124358819867,0.798465023923207,0.75,-1.5530146435162,1.77830871494142,2,1
fixed_count_common240__all__first_last,var_within_sdi_DiD,pooled,5,3.01767320754951,5.99200354385853,0.64100138051931,0.75,-13.6187957021243,19.6541421172233,2,3
fixed_count_common240__all__first_last,var_within_sdi_DiD,M1,2,15.2164794627416,9.24499458859975,0.347570945241784,0.5,-102.252314564834,132.685273490317,2,0
fixed_count_common240__all__first_last,var_within_sdi_DiD,M2,3,-5.11486429591191,2.91850511582949,0.221772787609547,0.25,-17.6721782993234,7.44244970749961,0,3
fixed_count_common240__all__first_last,var_within_svm_DiD,pooled,5,1.40243623518722,4.78313410611518,0.783948286750857,0.9375,-11.8776730412409,14.6825455116153,2,3
fixed_count_common240__all__first_last,var_within_svm_DiD,M1,2,6.88578613545683,12.8298357424547,0.68641665089751,1,-156.132733539664,169.904305810578,1,1
fixed_count_common240__all__first_last,var_within_svm_DiD,M2,3,-2.25313036499253,2.1654219535804,0.407372547646636,0.5,-11.5701890446246,7.06392831463957,1,2
fixed_count_common240__all__calendar_thirds,global_RSA_Hyper_net,pooled,2,0.114882985026672,0.102893675712168,0.464987367372446,0.5,-1.19250512462969,1.42227109468304,2,0
fixed_count_common240__all__calendar_thirds,global_RSA_Hyper_net,M1,1,0.21777666073884,NaN,NaN,1,NaN,NaN,1,0
fixed_count_common240__all__calendar_thirds,global_RSA_Hyper_net,M2,1,0.0119893093145049,NaN,NaN,1,NaN,NaN,1,0
fixed_count_common240__all__calendar_thirds,global_RSA_Polar_net,pooled,5,0.0485865003657448,0.0219438727096987,0.0912062616422687,0.125,-0.0123394576081816,0.109512458339671,4,1
fixed_count_common240__all__calendar_thirds,global_RSA_Polar_net,M1,2,0.0586588531539348,0.0265672646288108,0.270736836218273,0.5,-0.278910250499868,0.396227956807738,2,0
fixed_count_common240__all__calendar_thirds,global_RSA_Polar_net,M2,3,0.0418715985069515,0.0362419130933037,0.367335597781965,0.5,-0.114064767795294,0.197807964809197,2,1
fixed_count_common240__all__calendar_thirds,global_between_sdi,pooled,5,-0.155677901043595,0.228200149905712,0.532570356326005,0.5625,-0.789263090254711,0.477907288167521,2,3
fixed_count_common240__all__calendar_thirds,global_between_sdi,M1,2,-0.0941747214045483,0.294971620207568,0.803260335114316,1,-3.84214451912308,3.65379507631398,1,1
fixed_count_common240__all__calendar_thirds,global_between_sdi,M2,3,-0.19668002080296,0.377465418106596,0.654278072569973,0.75,-1.82078263240532,1.4274225907994,1,2
fixed_count_common240__all__calendar_thirds,global_between_svm,pooled,5,-1.39814240508129,2.16982146825865,0.554433810435116,0.75,-7.4225325997811,4.62624778961852,2,3
fixed_count_common240__all__calendar_thirds,global_between_svm,M1,2,0.483581855694609,1.75137184800909,0.828492413948193,1,-21.7697074142815,22.7368711256707,1,1
fixed_count_common240__all__calendar_thirds,global_between_svm,M2,3,-2.65262524559855,3.56428916250451,0.534302633686439,0.75,-17.988523740265,12.6832732490679,1,2
fixed_count_common240__all__calendar_thirds,global_orthogonality_Hyper_minus_Grating,pooled,2,-6.08387104670208,3.13026030858358,0.302518104285411,0.5,-45.8575994050864,33.6898573116823,0,2
fixed_count_common240__all__calendar_thirds,global_orthogonality_Hyper_minus_Grating,M1,1,-9.21413135528566,NaN,NaN,1,NaN,NaN,0,1
fixed_count_common240__all__calendar_thirds,global_orthogonality_Hyper_minus_Grating,M2,1,-2.9536107381185,NaN,NaN,1,NaN,NaN,0,1
fixed_count_common240__all__calendar_thirds,global_orthogonality_Polar_minus_Grating,pooled,5,-0.536570506625725,5.63637232757254,0.928736098919889,0.9375,-16.1856488665868,15.1125078533353,2,3
fixed_count_common240__all__calendar_thirds,global_orthogonality_Polar_minus_Grating,M1,2,-3.72278197606406,2.01897287368774,0.316358486543784,0.5,-29.3762646659235,21.9307007137954,0,2
fixed_count_common240__all__calendar_thirds,global_orthogonality_Polar_minus_Grating,M2,3,1.58757047299983,9.944693271717,0.88782989832812,1,-41.2009911790744,44.3761321250741,2,1
fixed_count_common240__all__calendar_thirds,global_rms_radius_DiD,pooled,5,-0.467758300286483,0.444065386899275,0.351601016305473,0.3125,-1.70068147013074,0.765164869557775,1,4
fixed_count_common240__all__calendar_thirds,global_rms_radius_DiD,M1,2,-0.978708403367813,0.853004627033952,0.456379502016257,0.5,-11.8171598353655,9.85974302862992,0,2
fixed_count_common240__all__calendar_thirds,global_rms_radius_DiD,M2,3,-0.127124898232262,0.519360858795799,0.829455806543872,0.75,-2.36175431505503,2.1075045185905,1,2
fixed_count_common240__all__calendar_thirds,global_rms_radius_raw_DiD,pooled,5,-2.43054342527474,2.30743143597682,0.351601016305473,0.3125,-8.83700014127211,3.97591329072263,1,4
fixed_count_common240__all__calendar_thirds,global_rms_radius_raw_DiD,M1,2,-5.08551804128299,4.43234205934242,0.456379502016257,0.5,-61.403763708046,51.23272762548,0,2
fixed_count_common240__all__calendar_thirds,global_rms_radius_raw_DiD,M2,3,-0.660560347935906,2.69867818469079,0.829455806543871,0.75,-12.2720354060111,10.9509147101392,1,2
fixed_count_common240__all__calendar_thirds,global_signal_dimension_DiD,pooled,5,0.339588012257468,0.348269043680744,0.384736222610849,0.375,-0.627361869361851,1.30653789387679,3,2
fixed_count_common240__all__calendar_thirds,global_signal_dimension_DiD,M1,2,0.479886888644655,0.999163417149999,0.714950581404427,1,-12.2156880545592,13.1754618318485,1,1
fixed_count_common240__all__calendar_thirds,global_signal_dimension_DiD,M2,3,0.246055427999344,0.246156753918872,0.422808200531867,0.5,-0.813071601195956,1.30518245719464,2,1
fixed_count_common240__all__calendar_thirds,global_signal_radius_DiD,pooled,5,-0.637762106328855,0.302032259599774,0.102309274297683,0.125,-1.47633809510648,0.200813882448766,1,4
fixed_count_common240__all__calendar_thirds,global_signal_radius_DiD,M1,2,-0.87889464998137,0.641874028431239,0.40157099779698,0.5,-9.03467747006191,7.27688817009917,0,2
fixed_count_common240__all__calendar_thirds,global_signal_radius_DiD,M2,3,-0.477007077227178,0.366662613917459,0.322981154904861,0.5,-2.0546289738962,1.10061481944185,1,2
fixed_count_common240__all__calendar_thirds,var_between_sdi,pooled,3,-0.382485942761481,0.405267944690233,0.444902331971402,0.5,-2.12621317126287,1.3612412857399,1,2
fixed_count_common240__all__calendar_thirds,var_between_sdi,M1,1,-0.716471573847254,NaN,NaN,1,NaN,NaN,0,1
fixed_count_common240__all__calendar_thirds,var_between_sdi,M2,2,-0.215493127218595,0.639583082680833,0.793110156379218,1,-8.342166721555,7.91118046711781,1,1
fixed_count_common240__all__calendar_thirds,var_between_svm,pooled,3,-3.46818514785888,2.10790034424701,0.24163992956287,0.25,-12.5377483180731,5.60137802235536,0,3
fixed_count_common240__all__calendar_thirds,var_between_svm,M1,1,-7.34090241034686,NaN,NaN,1,NaN,NaN,0,1
fixed_count_common240__all__calendar_thirds,var_between_svm,M2,2,-1.5318265166149,1.44266327930352,0.480922413176006,0.5,-19.8626015088066,16.7989484755768,0,2
fixed_count_common240__all__calendar_thirds,var_noise_variance_DiD,pooled,3,4.54014836064962,4.58684152638964,0.426587928942907,0.5,-15.195437853799,24.2757345750982,2,1
fixed_count_common240__all__calendar_thirds,var_noise_variance_DiD,M1,1,-1.71500461400081,NaN,NaN,1,NaN,NaN,0,1
fixed_count_common240__all__calendar_thirds,var_noise_variance_DiD,M2,2,7.66772484797483,5.8113803448431,0.412872708534402,0.5,-66.1728636133831,81.5083133093328,2,0
fixed_count_common240__all__calendar_thirds,var_rms_radius_DiD,pooled,3,0.264030822598257,0.0943641644517862,0.107522376519184,0.25,-0.141985407170747,0.670047052367262,3,0
fixed_count_common240__all__calendar_thirds,var_rms_radius_DiD,M1,1,0.119290486817235,NaN,NaN,1,NaN,NaN,1,0
fixed_count_common240__all__calendar_thirds,var_rms_radius_DiD,M2,2,0.336400990488769,0.104887859147515,0.192413031138378,0.5,-0.996325622178606,1.66912760315614,2,0
fixed_count_common240__all__calendar_thirds,var_rms_radius_raw_DiD,pooled,3,1.37194439851315,0.490330581732832,0.107522376519184,0.25,-0.737777817459261,3.48166661448556,3,0
fixed_count_common240__all__calendar_thirds,var_rms_radius_raw_DiD,M1,1,0.619851552081215,NaN,NaN,1,NaN,NaN,1,0
fixed_count_common240__all__calendar_thirds,var_rms_radius_raw_DiD,M2,2,1.74799082172911,0.545013303421857,0.192413031138375,0.5,-5.1770597954879,8.67304143894613,2,0
fixed_count_common240__all__calendar_thirds,var_signal_dimension_DiD,pooled,3,-0.174485397599695,0.153745597739491,0.374119970507272,0.5,-0.83599931340048,0.48702851820109,1,2
fixed_count_common240__all__calendar_thirds,var_signal_dimension_DiD,M1,1,-0.199684784752388,NaN,NaN,1,NaN,NaN,0,1
fixed_count_common240__all__calendar_thirds,var_signal_dimension_DiD,M2,2,-0.161885704023349,0.265399452972622,0.651311797115701,1,-3.53410549036225,3.21033408231555,1,1
fixed_count_common240__all__calendar_thirds,var_signal_distance_DiD,pooled,3,13.1787537104077,7.17985541360406,0.207851079260613,0.5,-17.7136707841422,44.0711782049577,2,1
fixed_count_common240__all__calendar_thirds,var_signal_distance_DiD,M1,1,23.5603715667518,NaN,NaN,1,NaN,NaN,1,0
fixed_count_common240__all__calendar_thirds,var_signal_distance_DiD,M2,2,7.9879447822357,8.59170991679813,0.52317292231247,1,-101.180080454424,117.155970018895,1,1
fixed_count_common240__all__calendar_thirds,var_signal_radius_DiD,pooled,3,0.19112574067536,0.367974714991968,0.655245647554941,0.75,-1.39214167126361,1.77439315261433,2,1
fixed_count_common240__all__calendar_thirds,var_signal_radius_DiD,M1,1,0.740535342494839,NaN,NaN,1,NaN,NaN,1,0
fixed_count_common240__all__calendar_thirds,var_signal_radius_DiD,M2,2,-0.0835790602343796,0.42406130416684,0.876115205661479,1,-5.4717888116675,5.30463069119874,1,1
fixed_count_common240__all__calendar_thirds,var_within_sdi_DiD,pooled,3,9.16023822600413,9.55484277227278,0.438876887652616,0.75,-31.9509321104422,50.2714085624505,2,1
fixed_count_common240__all__calendar_thirds,var_within_sdi_DiD,M1,1,28.2625863808707,NaN,NaN,1,NaN,NaN,1,0
fixed_count_common240__all__calendar_thirds,var_within_sdi_DiD,M2,2,-0.390935851429156,0.458565629173668,0.550575355409227,1,-6.21756462068254,5.43569291782423,1,1
fixed_count_common240__all__calendar_thirds,var_within_svm_DiD,pooled,3,4.98490089273062,3.80690381748336,0.320597543058223,0.25,-11.3948842094578,21.364685994919,3,0
fixed_count_common240__all__calendar_thirds,var_within_svm_DiD,M1,1,12.5347053204932,NaN,NaN,1,NaN,NaN,1,0
fixed_count_common240__all__calendar_thirds,var_within_svm_DiD,M2,2,1.20999867884935,0.85316461108688,0.390972123844278,0.5,-9.6304855432794,12.0504829009781,2,0
historical_cache__historical_stage__session_statistics,fig3E,pooled,5,-10.8178426288423,6.25024608913227,0.158536630109244,0.0625,-28.1713077892953,6.53562253161063,0,5
historical_cache__historical_stage__session_statistics,fig3E,M1,2,-25.1929601033529,6.72077496846517,0.165967206362541,0.5,-110.588502838429,60.2025826317236,0,2
historical_cache__historical_stage__session_statistics,fig3E,M2,3,-1.2344309791686,0.60007635451753,0.175947112559971,0.25,-3.81635114399156,1.34748918565435,0,3
historical_cache__historical_stage__session_statistics,fig3F,pooled,4,-0.907177455948583,0.429340513760197,0.125015564937028,0.25,-2.27353058767333,0.459175675776166,1,3
historical_cache__historical_stage__session_statistics,fig3F,M1,1,-2.02577999294914,NaN,NaN,1,NaN,NaN,0,1
historical_cache__historical_stage__session_statistics,fig3F,M2,3,-0.534309943615065,0.301008621145919,0.217877840555764,0.5,-1.82944550906667,0.760825621836545,1,2
historical_cache__historical_stage__session_statistics,fig4E,pooled,5,-1.64734921773275,1.12045696845075,0.215443781734988,0.25,-4.7582364833726,1.4635380479071,2,3
historical_cache__historical_stage__session_statistics,fig4E,M1,2,-1.60828329722087,1.80272706349691,0.536251113486888,1,-24.5141024494556,21.2975358550138,1,1
historical_cache__historical_stage__session_statistics,fig4E,M2,3,-1.67339316474067,1.76085866734815,0.442248482394033,0.5,-9.24975651650917,5.90297018702783,1,2
historical_cache__historical_stage__session_statistics,fig4F,pooled,5,-0.828539843754076,0.1225852486885,0.0024991250182474,0.0625,-1.16889105744472,-0.488188630063436,0,5
historical_cache__historical_stage__session_statistics,fig4F,M1,2,-0.588562073654759,0.115582988083683,0.123449671649025,0.5,-2.05718318426487,0.880059036955354,0,2
historical_cache__historical_stage__session_statistics,fig4F,M2,3,-0.988525023820288,0.116804377661674,0.0136760900588803,0.25,-1.49109369821298,-0.485956349427599,0,3
